protocol,payload_bytes,run,workload_position,successful_samples,attempted_samples,warmup,udp_deadline_ms,min_ns,p50_ns,p90_ns,p95_ns,p99_ns,p999_ns,max_ns,validated_round_trips_per_second,application_messages_per_second,client_cpu_percent,server_cpu_percent,process_cpu_percent,client_cpu_ns_per_attempt,server_cpu_ns_per_attempt,client_voluntary_context_switches,client_involuntary_context_switches,server_voluntary_context_switches,server_involuntary_context_switches,tcp_connect_ns,client_send_buffer_bytes,client_receive_buffer_bytes,server_send_buffer_bytes,server_receive_buffer_bytes,client_tcp_nodelay,server_tcp_nodelay,udp_deadline_misses,udp_requests_unobserved,udp_response_deadline_misses,udp_combined_duplicate_events,udp_combined_reordered_events,udp_combined_invalid_events,udp_combined_truncated_events,checksum,validation
tcp,8,1,1,200000,200000,20000,100,13957,21365,40181,68261,259397,1858874,14396857,27245.853,54491.706,40.296,39.839,80.135,14789.646,14622.200,199660,299,199718,270,37311,3939840,131072,3939840,131072,0,0,0,0,0,0,0,0,0,17283183148374874243,PASS
udp,8,1,2,200000,200000,20000,100,12844,20988,43489,71146,348163,2609054,13976302,24257.007,48514.014,37.659,35.936,73.594,15524.814,14814.583,199443,213,199761,137,0,212992,212992,212992,212992,-1,-1,0,0,0,0,0,0,0,7000776046197708931,PASS
udp,1400,1,3,200000,200000,20000,100,13005,21460,35011,54281,211260,1847169,26460573,28051.610,56103.220,44.055,40.238,84.292,15704.887,14344.279,199584,173,199739,124,0,212992,212992,212992,212992,-1,-1,0,0,0,0,0,0,0,14726674456459736963,PASS
tcp,64,1,4,200000,200000,20000,100,11840,21421,23893,42237,146321,952672,12921591,34829.127,69658.253,47.381,45.855,93.236,13603.867,13165.817,199754,260,199821,216,46990,3939840,131072,3939840,131072,0,0,0,0,0,0,0,0,0,11283585935489038083,PASS
tcp,1400,1,5,200000,200000,20000,100,14773,22132,25572,48697,159183,1199540,11544722,32496.783,64993.565,47.040,43.707,90.747,14475.176,13449.730,199725,240,199816,220,20443,3939840,131072,3939840,131072,0,0,0,0,0,0,0,0,0,17119819609098288899,PASS
udp,64,1,6,200000,200000,20000,100,11194,20757,22975,44118,159533,1171059,13767022,34614.442,69228.884,47.067,45.168,92.235,13597.453,13048.921,199584,196,199792,120,0,212992,212992,212992,212992,-1,-1,0,0,0,0,0,0,0,5285413010679193219,PASS
udp,256,1,7,200000,200000,20000,100,13137,20778,23275,44644,161415,1290474,21105758,33797.817,67595.634,46.249,43.989,90.237,13683.894,13015.271,199652,173,199768,181,0,212992,212992,212992,212992,-1,-1,0,0,0,0,0,0,0,4882934609799045763,PASS
tcp,256,1,8,200000,200000,20000,100,11505,21524,23748,46267,191594,1770561,437146440,23918.663,47837.326,45.040,37.108,82.148,18830.674,15514.107,199709,250,199780,240,44148,3939840,131072,3939840,131072,0,0,0,0,0,0,0,0,0,7166660819397894403,PASS
udp,8,2,1,199997,200000,20000,100,12820,20759,22502,40279,156889,1386082,99382407,28762.204,57524.408,44.594,44.649,89.243,15504.091,15523.362,199627,209,199762,191,0,212992,212992,212992,212992,-1,-1,3,0,3,0,0,0,0,11253750090917789496,PASS
tcp,64,2,2,200000,200000,20000,100,13285,21765,36727,62703,254635,2759736,74057402,24930.049,49860.097,39.642,38.421,78.063,15901.151,15411.698,199614,293,199779,270,45618,3939840,131072,3939840,131072,0,0,0,0,0,0,0,0,0,11283585935489038083,PASS
tcp,8,2,3,200000,200000,20000,100,13693,21429,24931,54659,286970,4102204,664590378,16080.170,32160.341,44.525,32.767,77.291,27689.367,20376.994,199664,330,199748,271,20972,3939840,131072,3939840,131072,0,0,0,0,0,0,0,0,0,17283183148374874243,PASS
udp,64,2,4,200000,200000,20000,100,12705,20933,22817,43910,174716,1671780,80446662,30574.297,61148.594,46.968,43.659,90.626,15361.860,14279.595,199662,195,199764,224,0,212992,212992,212992,212992,-1,-1,0,0,0,0,0,0,0,5285413010679193219,PASS
udp,1400,2,5,200000,200000,20000,100,12644,21404,22684,40443,144817,701604,12361768,34659.901,69319.801,48.737,44.596,93.333,14061.476,12866.659,199743,113,199784,199,0,212992,212992,212992,212992,-1,-1,0,0,0,0,0,0,0,14726674456459736963,PASS
tcp,256,2,6,200000,200000,20000,100,13870,21410,22246,37344,138632,521913,9213889,37005.743,74011.486,47.570,46.696,94.266,12854.806,12618.529,199795,204,199804,229,77200,3939840,131072,3939840,131072,0,0,0,0,0,0,0,0,0,7166660819397894403,PASS
tcp,1400,2,7,200000,200000,20000,100,11740,22055,23781,43738,143337,627328,22592402,34360.450,68720.900,47.686,45.221,92.908,13878.261,13160.890,199797,156,199813,244,21362,3939840,131072,3939840,131072,0,0,0,0,0,0,0,0,0,17119819609098288899,PASS
udp,256,2,8,200000,200000,20000,100,13054,20967,56243,76004,266901,1742292,18192204,25609.343,51218.685,38.653,37.262,75.915,15093.210,14550.256,199598,145,199542,175,0,212992,212992,212992,212992,-1,-1,0,0,0,0,0,0,0,4882934609799045763,PASS
tcp,64,3,1,200000,200000,20000,100,13715,21417,48471,77158,389520,2867896,100335916,21980.285,43960.571,34.816,34.221,69.037,15839.643,15569.140,199590,246,199686,258,47681,3939840,131072,3939840,131072,0,0,0,0,0,0,0,0,0,11283585935489038083,PASS
udp,64,3,2,199954,200000,20000,100,12865,21176,56216,102021,903773,5353514,88788766,8997.535,17995.070,32.215,37.488,69.703,35796.204,41655.073,199515,232,199643,268,0,212992,212992,212992,212992,-1,-1,46,0,46,0,0,0,0,6907189409039736283,PASS
udp,8,3,3,200000,200000,20000,100,10808,20820,22968,45278,217237,2361609,22415365,28993.841,57987.683,43.595,41.018,84.613,15035.939,14147.220,199616,195,199790,214,0,212992,212992,212992,212992,-1,-1,0,0,0,0,0,0,0,7000776046197708931,PASS
tcp,256,3,4,200000,200000,20000,100,13926,21537,22778,38743,169467,2349792,94633465,27213.925,54427.850,41.843,40.678,82.521,15375.689,14947.603,199719,266,199861,164,44924,3939840,131072,3939840,131072,0,0,0,0,0,0,0,0,0,7166660819397894403,PASS
tcp,8,3,5,200000,200000,20000,100,13603,21324,21903,29245,120231,593135,9411013,38070.895,76141.791,47.748,46.417,94.164,12541.887,12192.138,199776,262,199856,169,23463,3939840,131072,3939840,131072,0,0,0,0,0,0,0,0,0,17283183148374874243,PASS
udp,256,3,6,200000,200000,20000,100,13002,20969,23861,37350,153618,1595088,39317001,32084.399,64168.799,46.950,44.621,91.571,14633.252,13907.426,199693,204,199808,145,0,212992,212992,212992,212992,-1,-1,0,0,0,0,0,0,0,4882934609799045763,PASS
udp,1400,3,7,200000,200000,20000,100,13033,21352,22381,32905,118345,531780,13608737,36570.017,73140.033,50.200,45.215,95.414,13727.077,12363.849,199751,166,199839,132,0,212992,212992,212992,212992,-1,-1,0,0,0,0,0,0,0,14726674456459736963,PASS
tcp,1400,3,8,200000,200000,20000,100,14354,22019,23069,35004,125478,796423,11770416,35417.721,70835.443,49.012,45.531,94.544,13838.401,12855.497,199756,246,199865,182,58985,3939840,131072,3939840,131072,0,0,0,0,0,0,0,0,0,17119819609098288899,PASS
udp,64,4,1,200000,200000,20000,100,12914,20688,22256,35251,126953,1163725,29059909,34774.140,69548.279,47.401,44.271,91.671,13631.111,12730.947,199682,171,199766,177,0,212992,212992,212992,212992,-1,-1,0,0,0,0,0,0,0,5285413010679193219,PASS
tcp,256,4,2,200000,200000,20000,100,13986,21434,39059,56979,195359,1936999,15486457,28301.528,56603.057,40.993,39.307,80.300,14484.489,13888.648,199605,270,199762,180,43595,3939840,131072,3939840,131072,0,0,0,0,0,0,0,0,0,7166660819397894403,PASS
tcp,64,4,3,200000,200000,20000,100,13777,21517,28806,55770,214007,1706970,37063652,28291.346,56582.692,46.521,42.885,89.406,16443.721,15158.242,199533,302,199764,194,22766,3939840,131072,3939840,131072,0,0,0,0,0,0,0,0,0,11283585935489038083,PASS
udp,256,4,4,200000,200000,20000,100,12785,21153,25907,48985,191687,1514203,47268717,29971.987,59943.973,46.666,42.812,89.477,15569.727,14283.938,199575,215,199777,163,0,212992,212992,212992,212992,-1,-1,0,0,0,0,0,0,0,4882934609799045763,PASS
udp,8,4,5,200000,200000,20000,100,12980,20782,22407,39344,156690,1644633,19517416,33301.297,66602.593,46.972,43.967,90.939,14105.212,13202.764,199636,208,199785,122,0,212992,212992,212992,212992,-1,-1,0,0,0,0,0,0,0,7000776046197708931,PASS
tcp,1400,4,6,200000,200000,20000,100,14458,22184,23802,41430,166551,1796640,103637346,28873.795,57747.589,44.756,42.220,86.976,15500.553,14622.118,199757,218,199846,225,37710,3939840,131072,3939840,131072,0,0,0,0,0,0,0,0,0,17119819609098288899,PASS
tcp,8,4,7,200000,200000,20000,100,13598,21304,21958,31857,116620,502204,13939568,37728.363,75456.726,48.133,46.844,94.977,12757.831,12416.059,199771,210,199832,223,22809,3939840,131072,3939840,131072,0,0,0,0,0,0,0,0,0,17283183148374874243,PASS
udp,1400,4,8,200000,200000,20000,100,11269,21401,22496,34272,118833,522980,8675254,36530.559,73061.117,50.121,45.501,95.623,13720.395,12455.683,199723,221,199819,115,0,212992,212992,212992,212992,-1,-1,0,0,0,0,0,0,0,14726674456459736963,PASS
tcp,256,5,1,200000,200000,20000,100,11853,21518,25921,41938,171349,1946583,48116263,29860.408,59720.816,46.184,45.146,91.330,15466.621,15119.149,199772,250,199822,259,46981,3939840,131072,3939840,131072,0,0,0,0,0,0,0,0,0,7166660819397894403,PASS
udp,256,5,2,200000,200000,20000,100,12954,21558,26214,50757,209131,2398577,84748293,26026.571,52053.142,44.589,41.643,86.232,17132.028,16000.167,199623,257,199776,257,0,212992,212992,212992,212992,-1,-1,0,0,0,0,0,0,0,4882934609799045763,PASS
udp,64,5,3,200000,200000,20000,100,12981,20812,23499,34782,133523,1186106,68023961,33917.878,67835.755,46.769,45.056,91.825,13789.021,13283.918,199698,209,199789,209,0,212992,212992,212992,212992,-1,-1,0,0,0,0,0,0,0,5285413010679193219,PASS
tcp,1400,5,4,200000,200000,20000,100,13943,22124,22839,31475,116897,438576,7549347,36620.644,73241.288,49.253,46.025,95.277,13449.387,12568.083,199815,242,199889,189,44297,3939840,131072,3939840,131072,0,0,0,0,0,0,0,0,0,17119819609098288899,PASS
tcp,64,5,5,200000,200000,20000,100,13732,21339,22111,36487,130257,761800,13937422,36309.849,72619.697,47.186,45.696,92.882,12995.431,12585.150,199761,218,199826,244,25541,3939840,131072,3939840,131072,0,0,0,0,0,0,0,0,0,11283585935489038083,PASS
udp,1400,5,6,200000,200000,20000,100,12913,21375,22407,32988,121650,671408,17395324,35627.945,71255.891,49.067,43.909,92.976,13771.979,12324.294,199728,164,199847,179,0,212992,212992,212992,212992,-1,-1,0,0,0,0,0,0,0,14726674456459736963,PASS
udp,8,5,7,200000,200000,20000,100,12609,20711,21754,31311,116875,565500,10040940,38588.474,77176.948,47.778,46.096,93.873,12381.375,11945.422,199728,155,199803,148,0,212992,212992,212992,212992,-1,-1,0,0,0,0,0,0,0,7000776046197708931,PASS
tcp,8,5,8,200000,200000,20000,100,12308,21500,35777,51250,192081,2327319,98242329,26843.973,53687.946,40.638,39.928,80.566,15138.733,14874.212,199720,262,199748,187,43227,3939840,131072,3939840,131072,0,0,0,0,0,0,0,0,0,17283183148374874243,PASS
udp,256,6,1,200000,200000,20000,100,13226,21037,23785,40182,166043,1737343,74254519,30017.669,60035.337,48.670,43.188,91.857,16213.625,14387.473,199633,229,199780,175,0,212992,212992,212992,212992,-1,-1,0,0,0,0,0,0,0,4882934609799045763,PASS
tcp,1400,6,2,200000,200000,20000,100,14286,22091,22827,32123,115797,528657,7563155,36857.418,73714.836,48.705,45.590,94.295,13214.555,12369.396,199788,225,199885,229,35571,3939840,131072,3939840,131072,0,0,0,0,0,0,0,0,0,17119819609098288899,PASS
tcp,256,6,3,200000,200000,20000,100,13694,21412,22102,28687,111306,537750,13964083,38072.639,76145.278,47.630,45.963,93.593,12510.318,12072.531,199801,249,199884,215,23393,3939840,131072,3939840,131072,0,0,0,0,0,0,0,0,0,7166660819397894403,PASS
udp,1400,6,4,199996,200000,20000,100,13573,21466,23663,43323,177264,2093460,75946853,26942.738,53885.477,46.312,37.978,84.289,17188.540,14095.467,199676,182,199800,144,0,212992,212992,212992,212992,-1,-1,4,0,4,0,0,0,0,912979213436845209,PASS
udp,64,6,5,200000,200000,20000,100,12894,20692,21774,30788,115706,696302,12954850,38214.409,76428.817,48.113,46.190,94.303,12590.262,12087.052,199723,128,199831,122,0,212992,212992,212992,212992,-1,-1,0,0,0,0,0,0,0,5285413010679193219,PASS
tcp,8,6,6,200000,200000,20000,100,11731,21497,23942,39111,165071,1847053,111008749,30164.523,60329.046,45.623,43.233,88.856,15124.757,14332.403,199725,228,199818,232,44941,3939840,131072,3939840,131072,0,0,0,0,0,0,0,0,0,17283183148374874243,PASS
tcp,64,6,7,200000,200000,20000,100,13463,21318,21953,31831,117159,763965,7608236,37283.158,74566.315,48.044,46.036,94.079,12886.195,12347.604,199774,169,199852,244,20619,3939840,131072,3939840,131072,0,0,0,0,0,0,0,0,0,11283585935489038083,PASS
udp,8,6,8,199997,200000,20000,100,12653,20758,22464,33629,134162,1396687,70118365,31057.734,62115.469,48.892,43.418,92.310,15742.100,13979.470,199734,220,199846,139,0,212992,212992,212992,212992,-1,-1,3,0,3,0,0,0,0,7861465070193273766,PASS
tcp,1400,7,1,200000,200000,20000,100,14504,22187,24507,44451,191431,2445884,274313137,22946.396,45892.792,46.423,41.810,88.233,20231.088,18220.925,199756,222,199841,227,45282,3939840,131072,3939840,131072,0,0,0,0,0,0,0,0,0,17119819609098288899,PASS
udp,1400,7,2,199989,200000,20000,100,13058,21612,25025,46051,250385,3705796,99099256,18524.798,37049.596,40.439,39.981,80.419,21828.219,21581.107,199597,198,199806,205,0,212992,212992,212992,212992,-1,-1,11,0,11,0,0,0,0,1144690388694101676,PASS
udp,256,7,3,200000,200000,20000,100,13024,20913,22143,31776,115985,588279,10264593,37979.652,75959.303,48.526,46.654,95.180,12776.888,12284.010,199739,238,199799,201,0,212992,212992,212992,212992,-1,-1,0,0,0,0,0,0,0,4882934609799045763,PASS
tcp,8,7,4,200000,200000,20000,100,14096,21796,26796,52984,234558,2840902,146302997,22039.727,44079.453,43.808,41.730,85.537,19876.771,18933.878,199682,349,199777,267,43175,3939840,131072,3939840,131072,0,0,0,0,0,0,0,0,0,17283183148374874243,PASS
tcp,256,7,5,200000,200000,20000,100,13866,21393,22137,31133,115361,500561,15435374,37806.802,75613.603,47.797,46.400,94.197,12642.444,12272.983,199782,260,199876,217,23558,3939840,131072,3939840,131072,0,0,0,0,0,0,0,0,0,7166660819397894403,PASS
udp,8,7,6,200000,200000,20000,100,12350,20879,22158,36151,138551,928540,17770602,36007.434,72014.869,46.529,44.993,91.522,12922.043,12495.506,199702,216,199802,99,0,212992,212992,212992,212992,-1,-1,0,0,0,0,0,0,0,7000776046197708931,PASS
udp,64,7,7,200000,200000,20000,100,12887,20706,21741,27322,112491,541137,8818925,39201.442,78402.885,48.172,46.654,94.826,12288.342,11901.079,199735,247,199827,133,0,212992,212992,212992,212992,-1,-1,0,0,0,0,0,0,0,5285413010679193219,PASS
tcp,64,7,8,200000,200000,20000,100,13797,21416,25668,45944,149779,926506,47751083,34136.397,68272.795,47.597,45.316,92.913,13943.275,13275.004,199657,287,199869,197,145553,3939840,131072,3939840,131072,0,0,0,0,0,0,0,0,0,11283585935489038083,PASS
udp,1400,8,1,200000,200000,20000,100,14017,23519,27926,60064,209442,1846072,30846060,26810.854,53621.708,47.312,41.868,89.180,17646.471,15616.107,199607,249,199835,148,0,212992,212992,212992,212992,-1,-1,0,0,0,0,0,0,0,14726674456459736963,PASS
tcp,8,8,2,200000,200000,20000,100,12398,21785,26582,50723,215356,2165955,98181745,23635.522,47271.044,43.528,38.801,82.329,18416.283,16416.395,199683,305,199795,273,49105,3939840,131072,3939840,131072,0,0,0,0,0,0,0,0,0,17283183148374874243,PASS
tcp,1400,8,3,200000,200000,20000,100,14508,22283,47919,90752,965116,6727331,505544444,10582.929,21165.858,38.097,30.914,69.011,35998.559,29210.793,199549,353,199631,231,55588,3939840,131072,3939840,131072,0,0,0,0,0,0,0,0,0,17119819609098288899,PASS
udp,8,8,4,200000,200000,20000,100,12921,20787,23298,48739,268157,1824241,13698748,29576.069,59152.138,41.090,42.415,83.505,13893.106,14340.984,199685,218,199620,177,0,212992,212992,212992,212992,-1,-1,0,0,0,0,0,0,0,7000776046197708931,PASS
udp,256,8,5,200000,200000,20000,100,13073,20897,22222,36533,167562,1613651,16456375,33037.347,66074.694,46.011,45.639,91.650,13927.056,13814.268,199705,213,199732,208,0,212992,212992,212992,212992,-1,-1,0,0,0,0,0,0,0,4882934609799045763,PASS
tcp,64,8,6,200000,200000,20000,100,13767,21339,21971,32451,121205,947190,15880534,35814.980,71629.961,47.216,46.537,93.752,13183.303,12993.665,199783,258,199810,227,42763,3939840,131072,3939840,131072,0,0,0,0,0,0,0,0,0,11283585935489038083,PASS
tcp,256,8,7,200000,200000,20000,100,13807,21426,22786,41986,220692,1074497,17044360,32972.712,65945.423,46.859,45.166,92.025,14211.581,13697.999,199717,216,199720,247,21883,3939840,131072,3939840,131072,0,0,0,0,0,0,0,0,0,7166660819397894403,PASS
udp,64,8,8,200000,200000,20000,100,12716,20725,22100,36354,170098,1361489,13390705,34363.178,68726.356,46.281,46.804,93.085,13468.316,13620.384,199735,146,199705,247,0,212992,212992,212992,212992,-1,-1,0,0,0,0,0,0,0,5285413010679193219,PASS
