macro_run,tournament_position,cgroup_throttled_periods,cgroup_throttled_usec,profile,protocol,receive_wait,udp_connected,tcp_nodelay_requested,tcp_quickack_rearm,busy_poll_requested_us,client_busy_poll_us,server_busy_poll_us,payload_bytes,run,workload_position,successful_samples,attempted_samples,warmup,udp_deadline_ms,min_ns,p50_ns,p90_ns,p95_ns,p99_ns,p999_ns,max_ns,validated_round_trips_per_second,application_messages_per_second,client_cpu_percent,server_cpu_percent,process_cpu_percent,client_cpu_ns_per_attempt,server_cpu_ns_per_attempt,client_voluntary_context_switches,client_involuntary_context_switches,server_voluntary_context_switches,server_involuntary_context_switches,tcp_connect_ns,client_send_buffer_bytes,client_receive_buffer_bytes,server_send_buffer_bytes,server_receive_buffer_bytes,client_tcp_nodelay,server_tcp_nodelay,udp_deadline_misses,udp_requests_unobserved,udp_response_deadline_misses,udp_combined_duplicate_events,udp_combined_reordered_events,udp_combined_invalid_events,udp_combined_truncated_events,checksum,validation
1,1,0,0,baseline,udp,poll,0,0,0,0,0,0,8,1,1,200000,200000,20000,100,12888,20717,23938,63466,211423,2172449,83497937,27504.875,55009.750,42.945,41.814,84.759,15613.449,15202.395,199636,189,199666,155,0,212992,212992,212992,212992,-1,-1,0,0,0,0,0,0,0,7000776046197708931,PASS
1,2,0,0,udp-connected-spin,udp,spin,1,0,0,0,0,0,8,1,1,200000,200000,20000,100,2696,3244,3674,3909,15662,201560,9970798,224403.299,448806.599,99.997,100.010,199.824,4456.107,4456.714,0,5,0,3,0,212992,212992,212992,212992,-1,-1,0,0,0,0,0,0,0,7000776046197708931,PASS
1,3,0,0,udp-connected-spin,udp,spin,1,0,0,0,0,0,1400,1,1,200000,200000,20000,100,3318,4029,4468,4732,48526,325486,5813898,150973.932,301947.865,100.000,100.005,199.935,6623.629,6624.021,0,1,0,3,0,212992,212992,212992,212992,-1,-1,0,0,0,0,0,0,0,14726674456459736963,PASS
1,4,63,8731786,baseline,udp,poll,0,0,0,0,0,0,64,1,1,199927,200000,20000,100,11878,20882,48357,96261,582967,3565351,94116143,5628.649,11257.298,51.570,40.513,92.084,91587.942,71950.435,199376,238,199690,214,0,212992,212992,212992,212992,-1,-1,73,0,73,0,0,0,0,1169954316084530459,PASS
1,5,0,0,baseline,udp,poll,0,0,0,0,0,0,1400,1,1,200000,200000,20000,100,13145,21357,34875,81069,250167,1156137,13880703,28627.433,57254.867,46.985,41.511,88.496,16412.727,14500.489,199429,205,199748,140,0,212992,212992,212992,212992,-1,-1,0,0,0,0,0,0,0,14726674456459736963,PASS
1,6,0,0,udp-connected-spin,udp,spin,1,0,0,0,0,0,64,1,1,200000,200000,20000,100,2708,3269,3673,3922,17104,223842,11956522,202188.256,404376.512,99.995,99.958,199.754,4945.636,4943.818,0,4,0,8,0,212992,212992,212992,212992,-1,-1,0,0,0,0,0,0,0,5285413010679193219,PASS
1,7,0,0,udp-connected-spin,udp,spin,1,0,0,0,0,0,256,1,1,200000,200000,20000,100,2785,3342,3772,4012,16545,208865,3796450,215083.615,430167.230,99.998,100.011,199.971,4649.284,4649.854,0,2,0,3,0,212992,212992,212992,212992,-1,-1,0,0,0,0,0,0,0,4882934609799045763,PASS
1,8,0,0,baseline,udp,poll,0,0,0,0,0,0,256,1,1,200000,200000,20000,100,12407,20686,22280,45622,155815,604807,13462103,36338.516,72677.032,47.214,46.696,93.910,12992.939,12850.143,199752,141,199737,233,0,212992,212992,212992,212992,-1,-1,0,0,0,0,0,0,0,4882934609799045763,PASS
2,1,0,0,udp-connected-spin,udp,spin,1,0,0,0,0,0,8,1,1,200000,200000,20000,100,2665,3280,3752,3986,16381,305791,15024835,177580.995,355161.991,99.999,99.995,199.991,5631.149,5630.962,0,3,0,11,0,212992,212992,212992,212992,-1,-1,0,0,0,0,0,0,0,7000776046197708931,PASS
2,2,0,0,baseline,udp,poll,0,0,0,0,0,0,64,1,1,200000,200000,20000,100,12967,20646,23051,55989,207286,2024715,99387030,29389.764,58779.528,45.928,43.930,89.858,15627.309,14947.396,199646,166,199738,186,0,212992,212992,212992,212992,-1,-1,0,0,0,0,0,0,0,5285413010679193219,PASS
2,3,0,0,baseline,udp,poll,0,0,0,0,0,0,8,1,1,200000,200000,20000,100,12764,20585,21963,45853,164985,585066,12885304,36528.846,73057.691,47.806,47.478,95.283,13087.063,12997.321,199678,197,199729,255,0,212992,212992,212992,212992,-1,-1,0,0,0,0,0,0,0,7000776046197708931,PASS
2,4,0,0,udp-connected-spin,udp,spin,1,0,0,0,0,0,64,1,1,200000,200000,20000,100,2679,3244,3650,3887,8784,211771,7497971,221854.831,443709.662,99.996,100.008,199.670,4507.263,4507.794,0,5,0,4,0,212992,212992,212992,212992,-1,-1,0,0,0,0,0,0,0,5285413010679193219,PASS
2,5,0,0,udp-connected-spin,udp,spin,1,0,0,0,0,0,1400,1,1,200000,200000,20000,100,3386,4048,4422,4657,34732,257409,17798811,152161.381,304322.761,99.996,100.010,199.756,6571.685,6572.597,0,5,0,6,0,212992,212992,212992,212992,-1,-1,0,0,0,0,0,0,0,14726674456459736963,PASS
2,6,0,0,baseline,udp,poll,0,0,0,0,0,0,256,1,1,200000,200000,20000,100,11491,20680,22289,48395,182222,855609,17027096,34700.314,69400.628,46.556,45.924,92.480,13416.647,13234.487,199691,250,199773,181,0,212992,212992,212992,212992,-1,-1,0,0,0,0,0,0,0,4882934609799045763,PASS
2,7,0,0,baseline,udp,poll,0,0,0,0,0,0,1400,1,1,200000,200000,20000,100,12709,21270,22684,49910,167755,678420,11920829,34762.407,69524.814,47.804,45.478,93.281,13751.664,13082.434,199712,180,199773,168,0,212992,212992,212992,212992,-1,-1,0,0,0,0,0,0,0,14726674456459736963,PASS
2,8,0,0,udp-connected-spin,udp,spin,1,0,0,0,0,0,256,1,1,200000,200000,20000,100,2716,3299,3713,3904,19379,197500,6865544,214455.806,428911.612,99.998,100.010,199.786,4662.866,4663.411,0,3,0,2,0,212992,212992,212992,212992,-1,-1,0,0,0,0,0,0,0,4882934609799045763,PASS
3,1,0,0,baseline,udp,poll,0,0,0,0,0,0,64,1,1,199999,200000,20000,100,12856,20649,23504,56527,213701,1831742,35156223,29765.175,59530.351,46.236,44.913,91.149,15533.425,15089.079,199631,174,199731,157,0,212992,212992,212992,212992,-1,-1,1,0,1,0,0,0,0,18444907037583288648,PASS
3,2,0,0,udp-connected-spin,udp,spin,1,0,0,0,0,0,64,1,1,200000,200000,20000,100,2667,3243,3649,3865,16027,281014,6400163,197920.949,395841.898,99.997,100.010,199.648,5052.392,5053.008,0,4,0,3,0,212992,212992,212992,212992,-1,-1,0,0,0,0,0,0,0,5285413010679193219,PASS
3,3,0,0,udp-connected-spin,udp,spin,1,0,0,0,0,0,8,1,1,200000,200000,20000,100,2698,3256,3633,3843,17614,243800,5757185,210103.076,420206.151,99.996,100.005,199.823,4759.391,4759.807,0,5,0,8,0,212992,212992,212992,212992,-1,-1,0,0,0,0,0,0,0,7000776046197708931,PASS
3,4,19,1861266,baseline,udp,poll,0,0,0,0,0,0,256,1,1,199956,200000,20000,100,12326,20887,43900,81875,584810,4386008,96744864,8515.729,17031.458,41.677,37.673,79.349,48929.908,44229.208,199512,221,199782,179,0,212992,212992,212992,212992,-1,-1,44,0,44,0,0,0,0,15974046371268481458,PASS
3,5,0,0,baseline,udp,poll,0,0,0,0,0,0,8,1,1,200000,200000,20000,100,12783,20976,44578,82157,481376,3122706,78003641,21034.565,42069.131,32.644,33.341,65.984,15519.191,15850.453,199492,214,199746,170,0,212992,212992,212992,212992,-1,-1,0,0,0,0,0,0,0,7000776046197708931,PASS
3,6,0,0,udp-connected-spin,udp,spin,1,0,0,0,0,0,256,1,1,200000,200000,20000,100,2773,3315,3749,3970,19805,199087,6789323,218524.582,437049.165,99.990,100.006,199.697,4575.690,4576.429,0,7,0,7,0,212992,212992,212992,212992,-1,-1,0,0,0,0,0,0,0,4882934609799045763,PASS
3,7,0,0,udp-connected-spin,udp,spin,1,0,0,0,0,0,1400,1,1,200000,200000,20000,100,3339,4065,4445,4674,27707,234726,13964921,161830.077,323660.154,99.993,100.005,199.762,6178.884,6179.610,0,5,0,11,0,212992,212992,212992,212992,-1,-1,0,0,0,0,0,0,0,14726674456459736963,PASS
3,8,0,0,baseline,udp,poll,0,0,0,0,0,0,1400,1,1,200000,200000,20000,100,11727,21338,36039,63388,252622,2203347,17351294,27157.845,54315.690,40.363,38.786,79.149,14862.343,14281.592,199631,162,199737,158,0,212992,212992,212992,212992,-1,-1,0,0,0,0,0,0,0,14726674456459736963,PASS
4,1,0,0,udp-connected-spin,udp,spin,1,0,0,0,0,0,64,1,1,200000,200000,20000,100,2696,3274,3691,3905,18544,1481054,16452876,110297.897,220595.795,99.995,100.008,199.923,9065.909,9067.118,0,7,0,3,0,212992,212992,212992,212992,-1,-1,0,0,0,0,0,0,0,5285413010679193219,PASS
4,2,0,0,baseline,udp,poll,0,0,0,0,0,0,256,1,1,200000,200000,20000,100,12450,20656,22110,46834,160827,844857,13174373,35224.319,70448.639,46.746,46.530,93.276,13270.891,13209.760,199701,246,199721,92,0,212992,212992,212992,212992,-1,-1,0,0,0,0,0,0,0,4882934609799045763,PASS
4,3,0,0,baseline,udp,poll,0,0,0,0,0,0,64,1,1,200000,200000,20000,100,11507,20627,23100,55481,203903,1534182,43941161,31504.648,63009.297,45.193,45.003,90.196,14345.005,14284.501,199646,212,199673,112,0,212992,212992,212992,212992,-1,-1,0,0,0,0,0,0,0,5285413010679193219,PASS
4,4,0,0,udp-connected-spin,udp,spin,1,0,0,0,0,0,256,1,1,200000,200000,20000,100,2767,3291,3687,3887,7728,155126,4447072,226583.633,453167.265,99.993,100.010,199.749,4413.093,4413.803,0,2,0,2,0,212992,212992,212992,212992,-1,-1,0,0,0,0,0,0,0,4882934609799045763,PASS
4,5,0,0,udp-connected-spin,udp,spin,1,0,0,0,0,0,8,1,1,200000,200000,20000,100,2710,3298,3618,3812,5739,159991,11655189,229755.267,459510.535,99.998,99.967,199.655,4352.381,4351.028,0,3,0,2,0,212992,212992,212992,212992,-1,-1,0,0,0,0,0,0,0,7000776046197708931,PASS
4,6,0,0,baseline,udp,poll,0,0,0,0,0,0,1400,1,1,200000,200000,20000,100,11558,21227,22715,50180,166791,943688,12868716,33938.624,67877.247,47.441,46.501,93.942,13978.608,13701.545,199737,215,199676,93,0,212992,212992,212992,212992,-1,-1,0,0,0,0,0,0,0,14726674456459736963,PASS
4,7,0,0,baseline,udp,poll,0,0,0,0,0,0,8,1,1,200000,200000,20000,100,12891,20593,21947,46140,156179,896130,14574876,35932.407,71864.814,47.427,47.500,94.927,13198.999,13219.244,199715,177,199707,71,0,212992,212992,212992,212992,-1,-1,0,0,0,0,0,0,0,7000776046197708931,PASS
4,8,0,0,udp-connected-spin,udp,spin,1,0,0,0,0,0,1400,1,1,200000,200000,20000,100,3361,4039,4396,4627,39212,289347,12608939,157111.535,314223.070,99.999,100.009,199.801,6364.811,6365.479,0,3,0,3,0,212992,212992,212992,212992,-1,-1,0,0,0,0,0,0,0,14726674456459736963,PASS
5,1,18,3204786,baseline,udp,poll,0,0,0,0,0,0,256,1,1,199951,200000,20000,100,12652,20785,23921,58236,266028,3286366,90987825,10129.527,20259.055,41.168,40.348,81.516,40631.851,39821.892,199680,189,199724,166,0,212992,212992,212992,212992,-1,-1,49,0,49,0,0,0,0,12415953074231410249,PASS
5,2,0,0,udp-connected-spin,udp,spin,1,0,0,0,0,0,256,1,1,200000,200000,20000,100,2759,3309,3741,3960,13651,219991,11664222,214001.603,428003.206,100.000,100.010,199.627,4672.858,4673.345,0,1,0,2,0,212992,212992,212992,212992,-1,-1,0,0,0,0,0,0,0,4882934609799045763,PASS
5,3,0,0,udp-connected-spin,udp,spin,1,0,0,0,0,0,64,1,1,200000,200000,20000,100,2703,3278,3674,3901,12283,201337,9107728,223652.695,447305.389,99.998,100.010,199.812,4471.118,4471.656,0,4,0,2,0,212992,212992,212992,212992,-1,-1,0,0,0,0,0,0,0,5285413010679193219,PASS
5,4,0,0,baseline,udp,poll,0,0,0,0,0,0,1400,1,1,200000,200000,20000,100,11073,21253,22833,51485,174485,838647,23089084,33547.359,67094.719,47.899,46.721,94.620,14277.919,13926.880,199721,198,199686,139,0,212992,212992,212992,212992,-1,-1,0,0,0,0,0,0,0,14726674456459736963,PASS
5,5,0,0,baseline,udp,poll,0,0,0,0,0,0,64,1,1,200000,200000,20000,100,8156,20647,22226,50924,169493,746566,15550732,35379.615,70759.229,47.035,46.752,93.787,13294.489,13214.391,199739,225,199701,181,0,212992,212992,212992,212992,-1,-1,0,0,0,0,0,0,0,5285413010679193219,PASS
5,6,0,0,udp-connected-spin,udp,spin,1,0,0,0,0,0,1400,1,1,200000,200000,20000,100,3392,4034,4412,4650,30802,256008,12738204,161135.770,322271.540,99.994,100.011,199.841,6205.557,6206.609,0,5,0,7,0,212992,212992,212992,212992,-1,-1,0,0,0,0,0,0,0,14726674456459736963,PASS
5,7,0,0,udp-connected-spin,udp,spin,1,0,0,0,0,0,8,1,1,200000,200000,20000,100,2697,3245,3657,3898,13464,218459,8490127,226025.812,452051.624,99.989,100.010,199.944,4423.801,4424.706,0,6,0,3,0,212992,212992,212992,212992,-1,-1,0,0,0,0,0,0,0,7000776046197708931,PASS
5,8,0,0,baseline,udp,poll,0,0,0,0,0,0,8,1,1,200000,200000,20000,100,12448,20661,22599,51884,191072,1175158,11899252,33672.883,67345.766,45.708,45.643,91.350,13574.107,13554.746,199661,240,199695,220,0,212992,212992,212992,212992,-1,-1,0,0,0,0,0,0,0,7000776046197708931,PASS
6,1,0,0,udp-connected-spin,udp,spin,1,0,0,0,0,0,256,1,1,200000,200000,20000,100,2746,3327,3781,4030,22689,307496,17599989,174438.533,348877.067,100.000,100.006,199.973,5732.674,5733.016,0,1,0,4,0,212992,212992,212992,212992,-1,-1,0,0,0,0,0,0,0,4882934609799045763,PASS
6,2,0,0,baseline,udp,poll,0,0,0,0,0,0,1400,1,1,200000,200000,20000,100,12292,21244,22901,52487,160068,679250,12798663,34179.510,68359.021,48.094,45.530,93.624,14070.930,13320.807,199707,210,199768,147,0,212992,212992,212992,212992,-1,-1,0,0,0,0,0,0,0,14726674456459736963,PASS
6,3,0,0,baseline,udp,poll,0,0,0,0,0,0,256,1,1,200000,200000,20000,100,12372,20910,24662,55024,185486,1255184,58657656,31639.901,63279.803,45.762,45.739,91.500,14463.228,14456.164,199703,149,199715,141,0,212992,212992,212992,212992,-1,-1,0,0,0,0,0,0,0,4882934609799045763,PASS
6,4,0,0,udp-connected-spin,udp,spin,1,0,0,0,0,0,1400,1,1,200000,200000,20000,100,3324,4036,4421,4659,39801,439605,60694742,108993.715,217987.431,99.999,100.002,199.991,9174.732,9175.036,0,3,0,5,0,212992,212992,212992,212992,-1,-1,0,0,0,0,0,0,0,14726674456459736963,PASS
6,5,0,0,udp-connected-spin,udp,spin,1,0,0,0,0,0,64,1,1,200000,200000,20000,100,2730,3279,3690,3932,14351,260331,21817294,189241.586,378483.172,99.998,100.023,199.695,5284.142,5285.488,0,4,0,8,0,212992,212992,212992,212992,-1,-1,0,0,0,0,0,0,0,5285413010679193219,PASS
6,6,0,0,baseline,udp,poll,0,0,0,0,0,0,8,1,1,199996,200000,20000,100,11486,20662,23399,52126,233465,2531570,72870285,24161.458,48322.916,46.472,47.684,94.155,19233.502,19734.986,199615,230,199686,166,0,212992,212992,212992,212992,-1,-1,4,0,4,0,0,0,0,8884357337160560510,PASS
6,7,0,0,baseline,udp,poll,0,0,0,0,0,0,64,1,1,200000,200000,20000,100,10844,20549,21834,37298,148830,757351,10841228,36738.303,73476.605,47.416,45.945,93.361,12906.461,12506.033,199681,211,199780,161,0,212992,212992,212992,212992,-1,-1,0,0,0,0,0,0,0,5285413010679193219,PASS
6,8,0,0,udp-connected-spin,udp,spin,1,0,0,0,0,0,8,1,1,200000,200000,20000,100,2714,3224,3619,3840,6485,201567,7075687,220650.827,441301.653,99.997,100.009,199.916,4531.932,4532.447,0,3,0,3,0,212992,212992,212992,212992,-1,-1,0,0,0,0,0,0,0,7000776046197708931,PASS
7,1,0,0,baseline,udp,poll,0,0,0,0,0,0,1400,1,1,199956,200000,20000,100,12493,21735,45490,83252,726085,7093615,98062919,8731.371,17462.742,36.088,33.264,69.351,41321.865,38088.158,199373,324,199860,170,0,212992,212992,212992,212992,-1,-1,44,0,44,0,0,0,0,7554348478239341924,PASS
7,2,0,0,udp-connected-spin,udp,spin,1,0,0,0,0,0,1400,1,1,200000,200000,20000,100,3349,4013,4365,4557,7442,176382,3799627,185960.321,371920.642,99.996,100.007,199.887,5377.270,5377.845,0,7,0,4,0,212992,212992,212992,212992,-1,-1,0,0,0,0,0,0,0,14726674456459736963,PASS
7,3,0,0,udp-connected-spin,udp,spin,1,0,0,0,0,0,256,1,1,200000,200000,20000,100,2765,3320,3742,3956,7666,221257,15520559,210755.169,421510.337,99.996,100.011,199.682,4744.636,4745.382,0,6,0,2,0,212992,212992,212992,212992,-1,-1,0,0,0,0,0,0,0,4882934609799045763,PASS
7,4,0,0,baseline,udp,poll,0,0,0,0,0,0,8,1,1,200000,200000,20000,100,12115,20603,22128,39285,148715,844261,17752941,36110.294,72220.587,47.242,45.688,92.929,13082.705,12652.270,199644,234,199772,150,0,212992,212992,212992,212992,-1,-1,0,0,0,0,0,0,0,7000776046197708931,PASS
7,5,0,0,baseline,udp,poll,0,0,0,0,0,0,256,1,1,200000,200000,20000,100,12806,20614,21753,33958,120248,562054,16063742,38448.366,76896.732,48.722,46.513,95.235,12672.004,12097.621,199698,285,199810,121,0,212992,212992,212992,212992,-1,-1,0,0,0,0,0,0,0,4882934609799045763,PASS
7,6,0,0,udp-connected-spin,udp,spin,1,0,0,0,0,0,8,1,1,200000,200000,20000,100,2706,3235,3611,3828,5181,130894,2497224,255141.028,510282.057,99.999,100.012,199.956,3919.357,3919.865,0,2,0,2,0,212992,212992,212992,212992,-1,-1,0,0,0,0,0,0,0,7000776046197708931,PASS
7,7,0,0,udp-connected-spin,udp,spin,1,0,0,0,0,0,64,1,1,200000,200000,20000,100,2614,3262,3678,3899,5634,134328,5383623,248956.812,497913.625,100.030,100.006,200.004,4017.951,4016.995,0,2,0,2,0,212992,212992,212992,212992,-1,-1,0,0,0,0,0,0,0,5285413010679193219,PASS
7,8,0,0,baseline,udp,poll,0,0,0,0,0,0,64,1,1,200000,200000,20000,100,12465,20654,22315,40482,151075,809149,19984925,36229.063,72458.127,48.105,46.016,94.121,13278.068,12701.383,199623,227,199781,98,0,212992,212992,212992,212992,-1,-1,0,0,0,0,0,0,0,5285413010679193219,PASS
8,1,0,0,udp-connected-spin,udp,spin,1,0,0,0,0,0,1400,1,1,200000,200000,20000,100,3426,4032,4398,4619,21372,245799,8544518,162218.569,324437.138,99.998,100.011,199.902,6164.414,6165.186,0,3,0,1,0,212992,212992,212992,212992,-1,-1,0,0,0,0,0,0,0,14726674456459736963,PASS
8,2,0,0,baseline,udp,poll,0,0,0,0,0,0,8,1,1,199976,200000,20000,100,12379,20679,35201,58407,307831,3716250,94878054,13194.092,26388.184,43.604,36.064,79.669,33044.517,27330.240,199588,271,199768,226,0,212992,212992,212992,212992,-1,-1,24,0,24,0,0,0,0,2725652998876647335,PASS
8,3,0,0,baseline,udp,poll,0,0,0,0,0,0,1400,1,1,200000,200000,20000,100,13107,21185,22469,36414,147182,551804,13965917,36227.825,72455.649,48.264,45.452,93.715,13322.268,12546.110,199720,215,199804,241,0,212992,212992,212992,212992,-1,-1,0,0,0,0,0,0,0,14726674456459736963,PASS
8,4,0,0,udp-connected-spin,udp,spin,1,0,0,0,0,0,8,1,1,200000,200000,20000,100,2731,3268,3569,3726,5146,162426,4344504,249898.580,499797.160,99.978,100.014,199.787,4000.752,4002.169,0,3,0,2,0,212992,212992,212992,212992,-1,-1,0,0,0,0,0,0,0,7000776046197708931,PASS
8,5,0,0,udp-connected-spin,udp,spin,1,0,0,0,0,0,256,1,1,200000,200000,20000,100,2780,3325,3686,3823,5596,181787,6440688,228278.819,456557.639,99.996,100.012,199.783,4380.444,4381.152,0,5,0,3,0,212992,212992,212992,212992,-1,-1,0,0,0,0,0,0,0,4882934609799045763,PASS
8,6,0,0,baseline,udp,poll,0,0,0,0,0,0,64,1,1,200000,200000,20000,100,12731,20626,21622,32919,126046,447834,9977056,39156.984,78313.969,48.852,47.528,96.380,12475.945,12137.890,199770,157,199781,233,0,212992,212992,212992,212992,-1,-1,0,0,0,0,0,0,0,5285413010679193219,PASS
8,7,0,0,baseline,udp,poll,0,0,0,0,0,0,256,1,1,200000,200000,20000,100,11380,20543,21536,33077,121675,468072,12331173,38932.185,77864.369,48.793,47.194,95.986,12532.725,12122.034,199727,186,199763,213,0,212992,212992,212992,212992,-1,-1,0,0,0,0,0,0,0,4882934609799045763,PASS
8,8,0,0,udp-connected-spin,udp,spin,1,0,0,0,0,0,64,1,1,200000,200000,20000,100,2731,3253,3565,3746,5180,143669,7818442,243806.655,487613.311,99.996,100.014,200.007,4101.457,4102.174,0,3,0,1,0,212992,212992,212992,212992,-1,-1,0,0,0,0,0,0,0,5285413010679193219,PASS
