macro_run,tournament_position,cgroup_throttled_periods,cgroup_throttled_usec,profile,protocol,receive_wait,udp_connected,spin_pause_interval,udp_spin_control_check_interval,udp_receive_api,tcp_nodelay_requested,tcp_quickack_rearm,busy_poll_requested_us,client_busy_poll_us,server_busy_poll_us,payload_bytes,run,workload_position,successful_samples,attempted_samples,warmup,udp_deadline_ms,min_ns,p50_ns,p90_ns,p95_ns,p99_ns,p999_ns,max_ns,validated_round_trips_per_second,application_messages_per_second,client_cpu_percent,server_cpu_percent,process_cpu_percent,client_cpu_ns_per_attempt,server_cpu_ns_per_attempt,client_voluntary_context_switches,client_involuntary_context_switches,server_voluntary_context_switches,server_involuntary_context_switches,tcp_connect_ns,client_send_buffer_bytes,client_receive_buffer_bytes,server_send_buffer_bytes,server_receive_buffer_bytes,client_tcp_nodelay,server_tcp_nodelay,udp_deadline_misses,udp_requests_unobserved,udp_response_deadline_misses,udp_combined_duplicate_events,udp_combined_reordered_events,udp_combined_invalid_events,udp_combined_truncated_events,checksum,validation
1,1,0,0,udp-connected-spin,udp,spin,1,1,1,recvmsg,0,0,0,0,0,8,1,1,200000,200000,20000,100,1903,2263,2513,2614,3134,58867,1659692,384560.157,769120.315,99.981,100.019,199.828,2599.881,2600.861,0,6,0,0,0,212992,212992,212992,212992,-1,-1,0,0,0,0,0,0,0,7000776046197708931,PASS
1,2,0,0,udp-connected-peerless-recvmsg-spin,udp,spin,1,1,1,recvmsg-no-peer,0,0,0,0,0,8,1,1,200000,200000,20000,100,1853,2213,2624,2824,3235,45597,2609272,399883.374,799766.748,99.885,100.020,199.905,2497.857,2501.234,0,17,0,3,0,212992,212992,212992,212992,-1,-1,0,0,0,0,0,0,0,7000776046197708931,PASS
1,3,0,0,udp-connected-peerless-recvmsg-spin,udp,spin,1,1,1,recvmsg-no-peer,0,0,0,0,0,1400,1,1,200000,200000,20000,100,1973,2493,2664,2845,3334,54120,10457809,310706.462,621412.924,99.824,100.017,199.735,3212.796,3219.010,0,7,0,1,0,212992,212992,212992,212992,-1,-1,0,0,0,0,0,0,0,14726674456459736963,PASS
1,4,0,0,udp-connected-spin,udp,spin,1,1,1,recvmsg,0,0,0,0,0,64,1,1,200000,200000,20000,100,1913,2253,2484,2644,3054,51777,1030129,385480.264,770960.529,99.620,100.021,198.988,2584.319,2594.713,0,34,0,1,0,212992,212992,212992,212992,-1,-1,0,0,0,0,0,0,0,5285413010679193219,PASS
1,5,0,0,udp-connected-spin,udp,spin,1,1,1,recvmsg,0,0,0,0,0,1400,1,1,200000,200000,20000,100,2113,2524,5638,5949,6510,57135,885664,269770.337,539540.675,99.872,100.014,199.797,3702.104,3707.372,0,14,0,2,0,212992,212992,212992,212992,-1,-1,0,0,0,0,0,0,0,14726674456459736963,PASS
1,6,0,0,udp-connected-peerless-recvmsg-spin,udp,spin,1,1,1,recvmsg-no-peer,0,0,0,0,0,64,1,1,200000,200000,20000,100,1842,2213,2684,2844,3435,63835,1873790,375827.670,751655.340,99.977,100.020,199.371,2660.193,2661.325,0,10,0,2,0,212992,212992,212992,212992,-1,-1,0,0,0,0,0,0,0,5285413010679193219,PASS
1,7,0,0,udp-connected-peerless-recvmsg-spin,udp,spin,1,1,1,recvmsg-no-peer,0,0,0,0,0,256,1,1,200000,200000,20000,100,1973,5228,5819,6019,8413,69964,37819702,176361.401,352722.801,99.944,100.007,199.655,5666.981,5670.570,0,31,0,4,0,212992,212992,212992,212992,-1,-1,0,0,0,0,0,0,0,4882934609799045763,PASS
1,8,0,0,udp-connected-spin,udp,spin,1,1,1,recvmsg,0,0,0,0,0,256,1,1,200000,200000,20000,100,4096,5318,5859,6049,7371,81742,14628483,167240.414,334480.828,99.967,100.004,199.924,5977.464,5979.637,0,15,0,6,0,212992,212992,212992,212992,-1,-1,0,0,0,0,0,0,0,4882934609799045763,PASS
2,1,0,0,udp-connected-peerless-recvmsg-spin,udp,spin,1,1,1,recvmsg-no-peer,0,0,0,0,0,8,1,1,200000,200000,20000,100,4026,5048,5599,5789,7641,93048,12232471,174030.493,348060.986,99.956,100.004,199.924,5743.566,5746.352,0,13,0,5,0,212992,212992,212992,212992,-1,-1,0,0,0,0,0,0,0,7000776046197708931,PASS
2,2,0,0,udp-connected-spin,udp,spin,1,1,1,recvmsg,0,0,0,0,0,64,1,1,200000,200000,20000,100,4196,5087,5649,5859,7161,88757,1606484,179098.483,358196.966,99.969,100.010,199.876,5581.762,5584.095,0,16,0,2,0,212992,212992,212992,212992,-1,-1,0,0,0,0,0,0,0,5285413010679193219,PASS
2,3,0,0,udp-connected-spin,udp,spin,1,1,1,recvmsg,0,0,0,0,0,8,1,1,200000,200000,20000,100,4307,5298,5789,5969,7281,53600,1122385,177536.891,355073.781,99.964,100.008,199.916,5630.614,5633.059,0,12,0,6,0,212992,212992,212992,212992,-1,-1,0,0,0,0,0,0,0,7000776046197708931,PASS
2,4,0,0,udp-connected-peerless-recvmsg-spin,udp,spin,1,1,1,recvmsg-no-peer,0,0,0,0,0,64,1,1,200000,200000,20000,100,3755,5028,5608,5799,6419,45047,28926264,180771.679,361543.359,99.970,100.009,199.685,5530.176,5532.328,0,15,0,5,0,212992,212992,212992,212992,-1,-1,0,0,0,0,0,0,0,5285413010679193219,PASS
2,5,0,0,udp-connected-peerless-recvmsg-spin,udp,spin,1,1,1,recvmsg-no-peer,0,0,0,0,0,1400,1,1,200000,200000,20000,100,2113,5378,6169,6390,7290,67640,4186393,187578.874,375157.748,99.969,100.010,199.836,5329.463,5331.639,0,10,0,1,0,212992,212992,212992,212992,-1,-1,0,0,0,0,0,0,0,14726674456459736963,PASS
2,6,0,0,udp-connected-spin,udp,spin,1,1,1,recvmsg,0,0,0,0,0,256,1,1,200000,200000,20000,100,2003,2464,2964,3094,3856,77725,1291446,332574.907,665149.814,99.959,100.023,199.354,3005.597,3007.546,0,9,0,1,0,212992,212992,212992,212992,-1,-1,0,0,0,0,0,0,0,4882934609799045763,PASS
2,7,0,0,udp-connected-spin,udp,spin,1,1,1,recvmsg,0,0,0,0,0,1400,1,1,200000,200000,20000,100,2113,2513,3084,3235,3956,72708,41971332,258813.572,517627.143,99.969,100.013,199.784,3862.572,3864.285,0,4,0,2,0,212992,212992,212992,212992,-1,-1,0,0,0,0,0,0,0,14726674456459736963,PASS
2,8,0,0,udp-connected-peerless-recvmsg-spin,udp,spin,1,1,1,recvmsg-no-peer,0,0,0,0,0,256,1,1,200000,200000,20000,100,1933,2393,2534,2774,3365,76213,946434,358136.123,716272.245,99.996,100.028,199.402,2792.135,2793.007,0,2,0,4,0,212992,212992,212992,212992,-1,-1,0,0,0,0,0,0,0,4882934609799045763,PASS
3,1,0,0,udp-connected-spin,udp,spin,1,1,1,recvmsg,0,0,0,0,0,64,1,1,200000,200000,20000,100,1873,2323,2814,2925,3455,49944,12564765,363776.636,727553.272,99.947,100.020,199.806,2747.482,2749.488,0,7,0,0,0,212992,212992,212992,212992,-1,-1,0,0,0,0,0,0,0,5285413010679193219,PASS
3,2,0,0,udp-connected-peerless-recvmsg-spin,udp,spin,1,1,1,recvmsg-no-peer,0,0,0,0,0,64,1,1,200000,200000,20000,100,1843,2203,2634,2794,3215,52969,919975,392059.504,784119.009,99.959,100.016,199.382,2549.578,2551.040,0,3,0,5,0,212992,212992,212992,212992,-1,-1,0,0,0,0,0,0,0,5285413010679193219,PASS
3,3,0,0,udp-connected-peerless-recvmsg-spin,udp,spin,1,1,1,recvmsg-no-peer,0,0,0,0,0,8,1,1,200000,200000,20000,100,1873,2264,2704,2835,3365,50996,5087209,382825.517,765651.034,99.976,100.008,199.667,2611.521,2612.376,0,10,0,4,0,212992,212992,212992,212992,-1,-1,0,0,0,0,0,0,0,7000776046197708931,PASS
3,4,0,0,udp-connected-spin,udp,spin,1,1,1,recvmsg,0,0,0,0,0,256,1,1,200000,200000,20000,100,2043,2473,2994,3124,3716,58066,959624,340024.743,680049.486,99.948,100.019,199.679,2939.422,2941.524,0,7,0,1,0,212992,212992,212992,212992,-1,-1,0,0,0,0,0,0,0,4882934609799045763,PASS
3,5,0,0,udp-connected-spin,udp,spin,1,1,1,recvmsg,0,0,0,0,0,8,1,1,200000,200000,20000,100,4187,5117,5649,5828,6680,78477,3089955,178615.589,357231.177,99.941,100.006,199.947,5595.328,5598.952,0,14,0,5,0,212992,212992,212992,212992,-1,-1,0,0,0,0,0,0,0,7000776046197708931,PASS
3,6,0,0,udp-connected-peerless-recvmsg-spin,udp,spin,1,1,1,recvmsg-no-peer,0,0,0,0,0,256,1,1,200000,200000,20000,100,1943,2904,5317,5579,6359,166658,34756275,171122.021,342244.043,99.677,100.633,199.572,5824.919,5880.768,0,13,0,4,0,212992,212992,212992,212992,-1,-1,0,0,0,0,0,0,0,4882934609799045763,PASS
3,7,0,0,udp-connected-peerless-recvmsg-spin,udp,spin,1,1,1,recvmsg-no-peer,0,0,0,0,0,1400,1,1,200000,200000,20000,100,2123,3004,3926,5668,6991,239205,30278206,128165.751,256331.502,99.828,100.234,199.965,7788.979,7820.635,0,19,0,3,0,212992,212992,212992,212992,-1,-1,0,0,0,0,0,0,0,14726674456459736963,PASS
3,8,0,0,udp-connected-spin,udp,spin,1,1,1,recvmsg,0,0,0,0,0,1400,1,1,200000,200000,20000,100,2133,2534,3675,5738,6710,113138,23374556,209071.700,418143.399,99.778,101.607,199.705,4772.423,4859.901,0,9,0,4,0,212992,212992,212992,212992,-1,-1,0,0,0,0,0,0,0,14726674456459736963,PASS
4,1,0,0,udp-connected-peerless-recvmsg-spin,udp,spin,1,1,1,recvmsg-no-peer,0,0,0,0,0,64,1,1,200000,200000,20000,100,1853,2263,4667,5057,5659,32929,14486286,326276.840,652553.679,99.979,100.021,199.687,3064.253,3065.523,0,6,0,0,0,212992,212992,212992,212992,-1,-1,0,0,0,0,0,0,0,5285413010679193219,PASS
4,2,0,0,udp-connected-spin,udp,spin,1,1,1,recvmsg,0,0,0,0,0,256,1,1,200000,200000,20000,100,2023,2454,2794,2965,3726,90665,2278381,334102.879,668205.757,99.981,100.016,199.814,2992.509,2993.565,0,5,0,2,0,212992,212992,212992,212992,-1,-1,0,0,0,0,0,0,0,4882934609799045763,PASS
4,3,0,0,udp-connected-spin,udp,spin,1,1,1,recvmsg,0,0,0,0,0,64,1,1,200000,200000,20000,100,1973,2805,3045,3235,3715,57536,2715219,327605.013,655210.026,99.978,100.020,199.423,3051.790,3053.054,0,8,0,3,0,212992,212992,212992,212992,-1,-1,0,0,0,0,0,0,0,5285413010679193219,PASS
4,4,0,0,udp-connected-peerless-recvmsg-spin,udp,spin,1,1,1,recvmsg-no-peer,0,0,0,0,0,256,1,1,200000,200000,20000,100,1933,2583,3044,3165,3786,49203,3107571,328920.638,657841.276,99.978,100.019,199.997,3039.572,3040.840,0,6,0,0,0,212992,212992,212992,212992,-1,-1,0,0,0,0,0,0,0,4882934609799045763,PASS
4,5,0,0,udp-connected-peerless-recvmsg-spin,udp,spin,1,1,1,recvmsg-no-peer,0,0,0,0,0,8,1,1,200000,200000,20000,100,1913,2784,4847,5168,5758,49534,3175071,300868.652,601737.304,99.979,100.016,199.729,3323.010,3324.234,0,8,0,2,0,212992,212992,212992,212992,-1,-1,0,0,0,0,0,0,0,7000776046197708931,PASS
4,6,0,0,udp-connected-spin,udp,spin,1,1,1,recvmsg,0,0,0,0,0,1400,1,1,200000,200000,20000,100,2043,2504,3144,3265,3755,50175,2395004,289661.330,579322.660,99.975,100.020,199.994,3451.430,3452.987,0,8,0,3,0,212992,212992,212992,212992,-1,-1,0,0,0,0,0,0,0,14726674456459736963,PASS
4,7,0,0,udp-connected-spin,udp,spin,1,1,1,recvmsg,0,0,0,0,0,8,1,1,200000,200000,20000,100,2003,2394,2784,2905,3386,53730,939815,378802.049,757604.097,99.913,100.021,199.756,2637.617,2640.466,0,9,0,3,0,212992,212992,212992,212992,-1,-1,0,0,0,0,0,0,0,7000776046197708931,PASS
4,8,0,0,udp-connected-peerless-recvmsg-spin,udp,spin,1,1,1,recvmsg-no-peer,0,0,0,0,0,1400,1,1,200000,200000,20000,100,2083,2484,3035,3184,3896,67871,8694388,289295.364,578590.728,99.985,100.013,199.601,3456.171,3457.132,0,4,0,2,0,212992,212992,212992,212992,-1,-1,0,0,0,0,0,0,0,14726674456459736963,PASS
5,1,0,0,udp-connected-spin,udp,spin,1,1,1,recvmsg,0,0,0,0,0,256,1,1,200000,200000,20000,100,2033,2824,3254,4828,5768,57826,4955253,303877.669,607755.337,99.971,100.018,199.988,3289.828,3291.402,0,11,0,4,0,212992,212992,212992,212992,-1,-1,0,0,0,0,0,0,0,4882934609799045763,PASS
5,2,0,0,udp-connected-peerless-recvmsg-spin,udp,spin,1,1,1,recvmsg-no-peer,0,0,0,0,0,256,1,1,200000,200000,20000,100,1873,2483,3034,3144,3595,47280,15006859,329255.185,658510.369,99.985,100.017,199.759,3036.717,3037.662,0,6,0,5,0,212992,212992,212992,212992,-1,-1,0,0,0,0,0,0,0,4882934609799045763,PASS
5,3,0,0,udp-connected-peerless-recvmsg-spin,udp,spin,1,1,1,recvmsg-no-peer,0,0,0,0,0,64,1,1,200000,200000,20000,100,4176,5057,5608,5838,8693,103904,4057471,173001.288,346002.576,99.981,100.009,199.705,5779.193,5780.804,0,10,0,3,0,212992,212992,212992,212992,-1,-1,0,0,0,0,0,0,0,5285413010679193219,PASS
5,4,0,0,udp-connected-spin,udp,spin,1,1,1,recvmsg,0,0,0,0,0,1400,1,1,200000,200000,20000,100,4667,5729,6219,6410,7722,64636,2722069,153579.150,307158.300,99.833,100.007,199.549,6500.452,6511.733,0,35,0,4,0,212992,212992,212992,212992,-1,-1,0,0,0,0,0,0,0,14726674456459736963,PASS
5,5,0,0,udp-connected-spin,udp,spin,1,1,1,recvmsg,0,0,0,0,0,64,1,1,200000,200000,20000,100,4096,5058,5569,5749,6370,52338,4276946,184909.165,369818.330,99.803,100.009,199.712,5397.418,5408.548,0,31,0,4,0,212992,212992,212992,212992,-1,-1,0,0,0,0,0,0,0,5285413010679193219,PASS
5,6,0,0,udp-connected-peerless-recvmsg-spin,udp,spin,1,1,1,recvmsg-no-peer,0,0,0,0,0,1400,1,1,200000,200000,20000,100,2033,2584,5868,6079,6710,62042,857773,223781.458,447562.916,99.985,100.010,199.655,4467.989,4469.105,0,7,0,4,0,212992,212992,212992,212992,-1,-1,0,0,0,0,0,0,0,14726674456459736963,PASS
5,7,0,0,udp-connected-peerless-recvmsg-spin,udp,spin,1,1,1,recvmsg-no-peer,0,0,0,0,0,8,1,1,200000,200000,20000,100,1933,2243,2674,2854,3395,52779,14755826,374860.563,749721.127,99.975,100.021,199.353,2666.984,2668.221,0,5,0,1,0,212992,212992,212992,212992,-1,-1,0,0,0,0,0,0,0,7000776046197708931,PASS
5,8,0,0,udp-connected-spin,udp,spin,1,1,1,recvmsg,0,0,0,0,0,8,1,1,200000,200000,20000,100,2043,5008,5568,5778,8422,103463,18102322,178410.502,356821.004,99.976,100.011,199.756,5603.703,5605.664,0,14,0,5,0,212992,212992,212992,212992,-1,-1,0,0,0,0,0,0,0,7000776046197708931,PASS
6,1,0,0,udp-connected-peerless-recvmsg-spin,udp,spin,1,1,1,recvmsg-no-peer,0,0,0,0,0,256,1,1,200000,200000,20000,100,1973,2454,5418,5658,6289,67470,2299903,269898.758,539797.516,99.978,100.014,199.594,3704.269,3705.619,0,14,0,0,0,212992,212992,212992,212992,-1,-1,0,0,0,0,0,0,0,4882934609799045763,PASS
6,2,0,0,udp-connected-spin,udp,spin,1,1,1,recvmsg,0,0,0,0,0,1400,1,1,200000,200000,20000,100,2143,2514,2874,3075,3595,58837,1236179,304697.022,609394.044,99.985,100.017,200.001,3281.446,3282.502,0,5,0,1,0,212992,212992,212992,212992,-1,-1,0,0,0,0,0,0,0,14726674456459736963,PASS
6,3,0,0,udp-connected-spin,udp,spin,1,1,1,recvmsg,0,0,0,0,0,256,1,1,200000,200000,20000,100,1943,2544,5569,5779,6600,104635,2821647,234389.121,468778.241,99.982,100.014,199.566,4265.656,4267.025,0,9,0,3,0,212992,212992,212992,212992,-1,-1,0,0,0,0,0,0,0,4882934609799045763,PASS
6,4,0,0,udp-connected-peerless-recvmsg-spin,udp,spin,1,1,1,recvmsg-no-peer,0,0,0,0,0,1400,1,1,200000,200000,20000,100,2093,5368,6119,6339,7581,95802,14274903,179958.391,359916.781,99.986,100.010,199.676,5556.051,5557.372,0,6,0,4,0,212992,212992,212992,212992,-1,-1,0,0,0,0,0,0,0,14726674456459736963,PASS
6,5,0,0,udp-connected-peerless-recvmsg-spin,udp,spin,1,1,1,recvmsg-no-peer,0,0,0,0,0,64,1,1,200000,200000,20000,100,1943,2995,5318,5509,6199,62943,6722906,239751.581,479503.161,99.972,100.015,199.870,4169.818,4171.614,0,10,0,2,0,212992,212992,212992,212992,-1,-1,0,0,0,0,0,0,0,5285413010679193219,PASS
6,6,0,0,udp-connected-spin,udp,spin,1,1,1,recvmsg,0,0,0,0,0,8,1,1,200000,200000,20000,100,1953,2864,5028,5338,5909,64135,12785663,285290.240,570580.479,99.976,100.015,199.568,3504.374,3505.714,0,6,0,4,0,212992,212992,212992,212992,-1,-1,0,0,0,0,0,0,0,7000776046197708931,PASS
6,7,0,0,udp-connected-spin,udp,spin,1,1,1,recvmsg,0,0,0,0,0,64,1,1,200000,200000,20000,100,1973,2434,2945,3064,3565,65146,17513328,335790.754,671581.507,99.955,100.020,199.906,2976.691,2978.646,0,7,0,3,0,212992,212992,212992,212992,-1,-1,0,0,0,0,0,0,0,5285413010679193219,PASS
6,8,0,0,udp-connected-peerless-recvmsg-spin,udp,spin,1,1,1,recvmsg-no-peer,0,0,0,0,0,8,1,1,200000,200000,20000,100,1853,2254,2513,2614,2964,43084,737474,398586.509,797173.017,99.987,100.025,199.665,2508.547,2509.481,0,4,0,0,0,212992,212992,212992,212992,-1,-1,0,0,0,0,0,0,0,7000776046197708931,PASS
7,1,0,0,udp-connected-spin,udp,spin,1,1,1,recvmsg,0,0,0,0,0,1400,1,1,200000,200000,20000,100,2143,2514,2754,2895,4066,48733,1987149,308855.479,617710.959,99.976,100.013,199.988,3236.969,3238.190,0,8,0,2,0,212992,212992,212992,212992,-1,-1,0,0,0,0,0,0,0,14726674456459736963,PASS
7,2,0,0,udp-connected-peerless-recvmsg-spin,udp,spin,1,1,1,recvmsg-no-peer,0,0,0,0,0,1400,1,1,200000,200000,20000,100,2053,2484,3035,3175,3686,66098,2794347,293669.959,587339.919,99.985,100.015,199.864,3404.681,3405.681,0,5,0,2,0,212992,212992,212992,212992,-1,-1,0,0,0,0,0,0,0,14726674456459736963,PASS
7,3,0,0,udp-connected-peerless-recvmsg-spin,udp,spin,1,1,1,recvmsg-no-peer,0,0,0,0,0,256,1,1,200000,200000,20000,100,1912,2363,2524,2674,3255,62533,7323638,358301.674,716603.349,99.985,100.019,199.616,2790.520,2791.486,0,4,0,2,0,212992,212992,212992,212992,-1,-1,0,0,0,0,0,0,0,4882934609799045763,PASS
7,4,0,0,udp-connected-spin,udp,spin,1,1,1,recvmsg,0,0,0,0,0,8,1,1,200000,200000,20000,100,2013,2413,2854,2965,3535,70215,5194017,352892.739,705785.477,99.979,100.022,199.531,2833.120,2834.336,0,6,0,0,0,212992,212992,212992,212992,-1,-1,0,0,0,0,0,0,0,7000776046197708931,PASS
7,5,0,0,udp-connected-spin,udp,spin,1,1,1,recvmsg,0,0,0,0,0,256,1,1,200000,200000,20000,100,2073,2444,3065,5168,5868,72017,11604120,300596.191,601192.382,99.929,100.018,199.773,3324.356,3327.330,0,8,0,2,0,212992,212992,212992,212992,-1,-1,0,0,0,0,0,0,0,4882934609799045763,PASS
7,6,0,0,udp-connected-peerless-recvmsg-spin,udp,spin,1,1,1,recvmsg-no-peer,0,0,0,0,0,8,1,1,200000,200000,20000,100,1953,2263,2573,2764,4396,80289,15904381,351563.502,703127.005,99.825,100.021,199.640,2839.467,2845.041,0,8,0,1,0,212992,212992,212992,212992,-1,-1,0,0,0,0,0,0,0,7000776046197708931,PASS
7,7,0,0,udp-connected-peerless-recvmsg-spin,udp,spin,1,1,1,recvmsg-no-peer,0,0,0,0,0,64,1,1,200000,200000,20000,100,1883,2413,3014,4637,5788,78046,7670202,313668.585,627337.170,99.987,100.027,199.973,3187.665,3188.930,0,8,0,3,0,212992,212992,212992,212992,-1,-1,0,0,0,0,0,0,0,5285413010679193219,PASS
7,8,0,0,udp-connected-spin,udp,spin,1,1,1,recvmsg,0,0,0,0,0,64,1,1,200000,200000,20000,100,1943,2384,2904,3025,4737,74250,9150789,341898.807,683797.615,99.985,100.013,199.518,2924.392,2925.230,0,7,0,8,0,212992,212992,212992,212992,-1,-1,0,0,0,0,0,0,0,5285413010679193219,PASS
8,1,0,0,udp-connected-peerless-recvmsg-spin,udp,spin,1,1,1,recvmsg-no-peer,0,0,0,0,0,1400,1,1,200000,200000,20000,100,1933,2474,2864,3045,3555,58156,3776324,310765.048,621530.096,99.992,100.017,199.546,3217.615,3218.399,0,1,0,2,0,212992,212992,212992,212992,-1,-1,0,0,0,0,0,0,0,14726674456459736963,PASS
8,2,0,0,udp-connected-spin,udp,spin,1,1,1,recvmsg,0,0,0,0,0,8,1,1,200000,200000,20000,100,1933,2383,2874,2965,3435,51657,3132738,370183.071,740366.142,99.995,100.020,199.967,2701.229,2701.894,0,3,0,1,0,212992,212992,212992,212992,-1,-1,0,0,0,0,0,0,0,7000776046197708931,PASS
8,3,0,0,udp-connected-spin,udp,spin,1,1,1,recvmsg,0,0,0,0,0,1400,1,1,200000,200000,20000,100,2044,2494,2674,2854,3455,45177,792526,318262.603,636525.207,99.991,100.020,199.503,3141.773,3142.678,0,5,0,1,0,212992,212992,212992,212992,-1,-1,0,0,0,0,0,0,0,14726674456459736963,PASS
8,4,0,0,udp-connected-peerless-recvmsg-spin,udp,spin,1,1,1,recvmsg-no-peer,0,0,0,0,0,8,1,1,200000,200000,20000,100,1823,2203,2534,2744,4567,84285,3336851,367052.570,734105.140,99.975,100.020,199.702,2723.712,2724.958,0,8,0,1,0,212992,212992,212992,212992,-1,-1,0,0,0,0,0,0,0,7000776046197708931,PASS
8,5,0,0,udp-connected-peerless-recvmsg-spin,udp,spin,1,1,1,recvmsg-no-peer,0,0,0,0,0,256,1,1,200000,200000,20000,100,1902,2323,2905,3024,4266,61482,5600430,347086.155,694172.311,99.932,100.023,199.486,2879.167,2881.796,0,8,0,3,0,212992,212992,212992,212992,-1,-1,0,0,0,0,0,0,0,4882934609799045763,PASS
8,6,0,0,udp-connected-spin,udp,spin,1,1,1,recvmsg,0,0,0,0,0,64,1,1,200000,200000,20000,100,1923,2333,2504,2614,2974,47691,557267,395372.476,790744.952,99.987,100.021,199.712,2528.925,2529.799,0,7,0,2,0,212992,212992,212992,212992,-1,-1,0,0,0,0,0,0,0,5285413010679193219,PASS
8,7,0,0,udp-connected-spin,udp,spin,1,1,1,recvmsg,0,0,0,0,0,256,1,1,200000,200000,20000,100,2013,2443,2554,2764,3084,43905,751595,370621.220,741242.440,99.997,100.019,199.542,2698.088,2698.674,0,2,0,0,0,212992,212992,212992,212992,-1,-1,0,0,0,0,0,0,0,4882934609799045763,PASS
8,8,0,0,udp-connected-peerless-recvmsg-spin,udp,spin,1,1,1,recvmsg-no-peer,0,0,0,0,0,64,1,1,200000,200000,20000,100,1833,2203,2443,2543,2774,20841,1469400,417535.787,835071.575,99.996,100.022,199.316,2394.919,2395.531,0,3,0,2,0,212992,212992,212992,212992,-1,-1,0,0,0,0,0,0,0,5285413010679193219,PASS
9,1,0,0,udp-connected-spin,udp,spin,1,1,1,recvmsg,0,0,0,0,0,8,1,1,200000,200000,20000,100,1962,2323,2604,2835,4687,96724,3339090,351504.859,703009.718,99.996,100.019,199.502,2844.797,2845.450,0,1,0,2,0,212992,212992,212992,212992,-1,-1,0,0,0,0,0,0,0,7000776046197708931,PASS
9,2,0,0,udp-connected-peerless-recvmsg-spin,udp,spin,1,1,1,recvmsg-no-peer,0,0,0,0,0,8,1,1,200000,200000,20000,100,1802,2184,2433,2544,3064,53870,2688179,400336.960,800673.919,99.993,100.024,199.767,2497.712,2498.485,0,4,0,5,0,212992,212992,212992,212992,-1,-1,0,0,0,0,0,0,0,7000776046197708931,PASS
9,3,0,0,udp-connected-peerless-recvmsg-spin,udp,spin,1,1,1,recvmsg-no-peer,0,0,0,0,0,1400,1,1,200000,200000,20000,100,2103,2484,2684,2874,4687,79569,3478842,295063.841,590127.683,99.987,100.027,199.803,3388.645,3390.002,0,5,0,2,0,212992,212992,212992,212992,-1,-1,0,0,0,0,0,0,0,14726674456459736963,PASS
9,4,0,0,udp-connected-spin,udp,spin,1,1,1,recvmsg,0,0,0,0,0,64,1,1,200000,200000,20000,100,1973,2394,2884,2984,4907,84646,20071525,294081.361,588162.723,99.991,100.015,199.934,3400.123,3400.944,0,4,0,1,0,212992,212992,212992,212992,-1,-1,0,0,0,0,0,0,0,5285413010679193219,PASS
9,5,0,0,udp-connected-spin,udp,spin,1,1,1,recvmsg,0,0,0,0,0,1400,1,1,200000,200000,20000,100,2124,3055,3555,5488,6720,139998,31908369,145718.116,291436.232,99.962,100.338,200.070,6859.947,6885.779,0,9,0,4,0,212992,212992,212992,212992,-1,-1,0,0,0,0,0,0,0,14726674456459736963,PASS
9,6,0,0,udp-connected-peerless-recvmsg-spin,udp,spin,1,1,1,recvmsg-no-peer,0,0,0,0,0,64,1,1,200000,200000,20000,100,1933,2664,2984,3134,3615,121219,20658005,206779.810,413559.620,99.965,100.524,200.242,4834.377,4861.404,0,4,0,5,0,212992,212992,212992,212992,-1,-1,0,0,0,0,0,0,0,5285413010679193219,PASS
9,7,0,0,udp-connected-peerless-recvmsg-spin,udp,spin,1,1,1,recvmsg-no-peer,0,0,0,0,0,256,1,1,200000,200000,20000,100,2043,2894,3144,3385,3676,43264,27165381,233671.569,467343.138,99.976,100.643,200.359,4278.463,4307.028,0,5,0,3,0,212992,212992,212992,212992,-1,-1,0,0,0,0,0,0,0,4882934609799045763,PASS
9,8,0,0,udp-connected-spin,udp,spin,1,1,1,recvmsg,0,0,0,0,0,256,1,1,200000,200000,20000,100,2043,2904,3175,3355,3855,136643,30848778,181571.266,363142.531,99.956,100.812,199.975,5505.065,5552.187,0,8,0,2,0,212992,212992,212992,212992,-1,-1,0,0,0,0,0,0,0,4882934609799045763,PASS
10,1,0,0,udp-connected-peerless-recvmsg-spin,udp,spin,1,1,1,recvmsg-no-peer,0,0,0,0,0,8,1,1,200000,200000,20000,100,1872,2413,2955,3225,5348,138095,32412818,199222.769,398445.538,99.829,100.467,200.084,5010.899,5042.953,0,11,0,8,0,212992,212992,212992,212992,-1,-1,0,0,0,0,0,0,0,7000776046197708931,PASS
10,2,0,0,udp-connected-spin,udp,spin,1,1,1,recvmsg,0,0,0,0,0,64,1,1,200000,200000,20000,100,2013,2804,3035,3185,3605,73389,18192416,233614.266,467228.532,99.976,100.414,200.216,4279.525,4298.293,0,8,0,1,0,212992,212992,212992,212992,-1,-1,0,0,0,0,0,0,0,5285413010679193219,PASS
10,3,0,0,udp-connected-spin,udp,spin,1,1,1,recvmsg,0,0,0,0,0,8,1,1,200000,200000,20000,100,2033,2855,3095,3265,3626,79047,40491987,208812.143,417624.286,99.996,100.883,200.208,4788.815,4831.268,0,6,0,5,0,212992,212992,212992,212992,-1,-1,0,0,0,0,0,0,0,7000776046197708931,PASS
10,4,0,0,udp-connected-peerless-recvmsg-spin,udp,spin,1,1,1,recvmsg-no-peer,0,0,0,0,0,64,1,1,200000,200000,20000,100,1953,2754,2995,3164,3555,121821,34758979,188134.378,376268.757,99.979,100.212,200.054,5314.211,5326.634,0,4,0,1,0,212992,212992,212992,212992,-1,-1,0,0,0,0,0,0,0,5285413010679193219,PASS
10,5,0,0,udp-connected-peerless-recvmsg-spin,udp,spin,1,1,1,recvmsg-no-peer,0,0,0,0,0,1400,1,1,200000,200000,20000,100,2003,2994,3275,3486,5728,89322,38370289,173130.312,346260.624,99.889,100.637,199.947,5769.581,5812.769,0,17,0,3,0,212992,212992,212992,212992,-1,-1,0,0,0,0,0,0,0,14726674456459736963,PASS
10,6,0,0,udp-connected-spin,udp,spin,1,1,1,recvmsg,0,0,0,0,0,256,1,1,200000,200000,20000,100,2033,2954,3686,5308,6249,121560,16531352,185129.012,370258.024,99.948,100.332,200.280,5398.850,5419.576,0,6,0,4,0,212992,212992,212992,212992,-1,-1,0,0,0,0,0,0,0,4882934609799045763,PASS
10,7,0,0,udp-connected-spin,udp,spin,1,1,1,recvmsg,0,0,0,0,0,1400,1,1,199995,200000,20000,100,2083,3125,3395,3615,4807,1169385,98182665,62342.921,124685.842,99.804,100.136,199.848,16008.426,16061.722,0,20,0,7,0,212992,212992,212992,212992,-1,-1,5,0,5,0,0,0,0,11543152677614198388,PASS
10,8,11,981073,udp-connected-peerless-recvmsg-spin,udp,spin,1,1,1,recvmsg-no-peer,0,0,0,0,0,256,1,1,199989,200000,20000,100,1913,2815,3095,3305,3996,114610,98751514,54933.793,109867.586,90.008,93.388,183.309,16383.872,16999.184,0,29,0,9,0,212992,212992,212992,212992,-1,-1,11,0,11,0,0,0,0,12579085930767287932,PASS
11,1,0,0,udp-connected-spin,udp,spin,1,1,1,recvmsg,0,0,0,0,0,64,1,1,200000,200000,20000,100,1973,2384,4938,5328,6850,126027,20488904,257970.387,515940.773,99.987,100.013,199.926,3875.901,3876.908,0,4,0,4,0,212992,212992,212992,212992,-1,-1,0,0,0,0,0,0,0,5285413010679193219,PASS
11,2,0,0,udp-connected-peerless-recvmsg-spin,udp,spin,1,1,1,recvmsg-no-peer,0,0,0,0,0,64,1,1,200000,200000,20000,100,1823,2203,2985,4947,5918,101681,14255038,301396.515,602793.029,99.998,100.021,199.870,3317.825,3318.584,0,2,0,1,0,212992,212992,212992,212992,-1,-1,0,0,0,0,0,0,0,5285413010679193219,PASS
11,3,0,0,udp-connected-peerless-recvmsg-spin,udp,spin,1,1,1,recvmsg-no-peer,0,0,0,0,0,8,1,1,200000,200000,20000,100,1953,2273,2914,3024,5037,115121,9782822,302500.579,605001.157,99.988,100.017,199.885,3305.394,3306.335,0,6,0,2,0,212992,212992,212992,212992,-1,-1,0,0,0,0,0,0,0,7000776046197708931,PASS
11,4,0,0,udp-connected-spin,udp,spin,1,1,1,recvmsg,0,0,0,0,0,256,1,1,200000,200000,20000,100,2064,2444,2714,2914,3646,72287,12670071,313575.022,627150.045,99.984,100.011,199.829,3188.531,3189.379,0,7,0,3,0,212992,212992,212992,212992,-1,-1,0,0,0,0,0,0,0,4882934609799045763,PASS
11,5,0,0,udp-connected-spin,udp,spin,1,1,1,recvmsg,0,0,0,0,0,8,1,1,200000,200000,20000,100,1873,2393,2944,3074,4907,119097,7441573,307767.661,615535.322,99.989,100.016,199.461,3248.846,3249.726,0,6,0,2,0,212992,212992,212992,212992,-1,-1,0,0,0,0,0,0,0,7000776046197708931,PASS
11,6,0,0,udp-connected-peerless-recvmsg-spin,udp,spin,1,1,1,recvmsg-no-peer,0,0,0,0,0,256,1,1,200000,200000,20000,100,1873,2684,3045,3175,3695,54821,1638351,329839.074,659678.149,99.994,100.020,199.880,3031.596,3032.392,0,5,0,2,0,212992,212992,212992,212992,-1,-1,0,0,0,0,0,0,0,4882934609799045763,PASS
11,7,0,0,udp-connected-peerless-recvmsg-spin,udp,spin,1,1,1,recvmsg-no-peer,0,0,0,0,0,1400,1,1,200000,200000,20000,100,2083,2503,5639,5939,7141,91286,12968403,240493.980,480987.960,99.989,100.013,199.622,4157.666,4158.660,0,7,0,1,0,212992,212992,212992,212992,-1,-1,0,0,0,0,0,0,0,14726674456459736963,PASS
11,8,0,0,udp-connected-spin,udp,spin,1,1,1,recvmsg,0,0,0,0,0,1400,1,1,200000,200000,20000,100,2053,2484,3055,3225,3916,95071,17540288,250560.250,501120.500,99.993,100.011,199.743,3990.791,3991.508,0,3,0,2,0,212992,212992,212992,212992,-1,-1,0,0,0,0,0,0,0,14726674456459736963,PASS
12,1,0,0,udp-connected-peerless-recvmsg-spin,udp,spin,1,1,1,recvmsg-no-peer,0,0,0,0,0,64,1,1,200000,200000,20000,100,1833,2203,2774,3345,5307,79007,21617759,313476.795,626953.589,99.989,100.015,199.432,3189.688,3190.517,0,5,0,4,0,212992,212992,212992,212992,-1,-1,0,0,0,0,0,0,0,5285413010679193219,PASS
12,2,0,0,udp-connected-spin,udp,spin,1,1,1,recvmsg,0,0,0,0,0,256,1,1,200000,200000,20000,100,2003,2513,3114,3224,3725,58216,1786911,326117.260,652234.519,99.955,100.015,199.515,3064.997,3066.847,0,6,0,4,0,212992,212992,212992,212992,-1,-1,0,0,0,0,0,0,0,4882934609799045763,PASS
12,3,0,0,udp-connected-spin,udp,spin,1,1,1,recvmsg,0,0,0,0,0,64,1,1,200000,200000,20000,100,1963,2834,3135,3485,5338,53439,3994968,320512.255,641024.510,99.968,100.018,199.738,3119.019,3120.577,0,11,0,3,0,212992,212992,212992,212992,-1,-1,0,0,0,0,0,0,0,5285413010679193219,PASS
12,4,0,0,udp-connected-peerless-recvmsg-spin,udp,spin,1,1,1,recvmsg-no-peer,0,0,0,0,0,256,1,1,200000,200000,20000,100,1963,2403,2944,3064,3585,69714,2684914,342510.062,685020.124,99.992,100.019,199.485,2919.381,2920.170,0,4,0,3,0,212992,212992,212992,212992,-1,-1,0,0,0,0,0,0,0,4882934609799045763,PASS
12,5,0,0,udp-connected-peerless-recvmsg-spin,udp,spin,1,1,1,recvmsg-no-peer,0,0,0,0,0,8,1,1,200000,200000,20000,100,1803,2393,2905,3024,3445,51686,2175438,360900.474,721800.949,99.909,100.020,199.880,2768.324,2771.394,0,8,0,2,0,212992,212992,212992,212992,-1,-1,0,0,0,0,0,0,0,7000776046197708931,PASS
12,6,0,0,udp-connected-spin,udp,spin,1,1,1,recvmsg,0,0,0,0,0,1400,1,1,200000,200000,20000,100,2113,2514,3225,3335,4096,66719,14602168,262956.631,525913.262,99.986,100.015,199.703,3802.378,3803.492,0,6,0,2,0,212992,212992,212992,212992,-1,-1,0,0,0,0,0,0,0,14726674456459736963,PASS
12,7,0,0,udp-connected-spin,udp,spin,1,1,1,recvmsg,0,0,0,0,0,8,1,1,200000,200000,20000,100,1923,2383,5167,5449,6700,116343,15210516,270307.358,540614.715,99.993,100.017,199.818,3699.235,3700.111,0,6,0,2,0,212992,212992,212992,212992,-1,-1,0,0,0,0,0,0,0,7000776046197708931,PASS
12,8,0,0,udp-connected-peerless-recvmsg-spin,udp,spin,1,1,1,recvmsg-no-peer,0,0,0,0,0,1400,1,1,200000,200000,20000,100,2043,2995,5558,5859,6530,72528,10100579,228866.150,457732.301,99.907,100.010,199.832,4365.290,4369.817,0,19,0,4,0,212992,212992,212992,212992,-1,-1,0,0,0,0,0,0,0,14726674456459736963,PASS
13,1,0,0,udp-connected-spin,udp,spin,1,1,1,recvmsg,0,0,0,0,0,256,1,1,200000,200000,20000,100,2053,2804,5368,5649,6590,121250,8270613,249449.215,498898.429,99.988,100.012,200.000,4008.355,4009.308,0,8,0,4,0,212992,212992,212992,212992,-1,-1,0,0,0,0,0,0,0,4882934609799045763,PASS
13,2,0,0,udp-connected-peerless-recvmsg-spin,udp,spin,1,1,1,recvmsg-no-peer,0,0,0,0,0,256,1,1,200000,200000,20000,100,1892,2384,2794,2944,3565,68202,2928325,351027.237,702054.475,99.978,100.005,199.571,2848.156,2848.915,0,10,0,1,0,212992,212992,212992,212992,-1,-1,0,0,0,0,0,0,0,4882934609799045763,PASS
13,3,0,0,udp-connected-peerless-recvmsg-spin,udp,spin,1,1,1,recvmsg-no-peer,0,0,0,0,0,64,1,1,200000,200000,20000,100,1853,2233,2714,2864,3515,78116,13038028,354093.261,708186.521,99.996,100.037,199.703,2823.993,2825.173,0,3,0,1,0,212992,212992,212992,212992,-1,-1,0,0,0,0,0,0,0,5285413010679193219,PASS
13,4,0,0,udp-connected-spin,udp,spin,1,1,1,recvmsg,0,0,0,0,0,1400,1,1,200000,200000,20000,100,2113,2504,3055,3205,3686,42463,1153081,307536.287,615072.575,99.991,100.019,199.778,3251.349,3252.263,0,4,0,2,0,212992,212992,212992,212992,-1,-1,0,0,0,0,0,0,0,14726674456459736963,PASS
13,5,0,0,udp-connected-spin,udp,spin,1,1,1,recvmsg,0,0,0,0,0,64,1,1,200000,200000,20000,100,1853,2253,2504,2734,3255,60781,15737534,359500.974,719001.947,99.988,100.018,199.860,2781.296,2782.130,0,4,0,2,0,212992,212992,212992,212992,-1,-1,0,0,0,0,0,0,0,5285413010679193219,PASS
13,6,0,0,udp-connected-peerless-recvmsg-spin,udp,spin,1,1,1,recvmsg-no-peer,0,0,0,0,0,1400,1,1,200000,200000,20000,100,1943,3174,5889,6099,7391,81171,32125211,183324.353,366648.705,99.993,100.008,199.962,5454.450,5455.250,0,7,0,7,0,212992,212992,212992,212992,-1,-1,0,0,0,0,0,0,0,14726674456459736963,PASS
13,7,0,0,udp-connected-peerless-recvmsg-spin,udp,spin,1,1,1,recvmsg-no-peer,0,0,0,0,0,8,1,1,200000,200000,20000,100,3976,4977,5519,5709,6540,72127,12050221,181831.942,363663.885,99.982,100.009,199.952,5498.587,5500.105,0,12,0,3,0,212992,212992,212992,212992,-1,-1,0,0,0,0,0,0,0,7000776046197708931,PASS
13,8,0,0,udp-connected-spin,udp,spin,1,1,1,recvmsg,0,0,0,0,0,8,1,1,200000,200000,20000,100,1953,5007,5598,5808,7631,76964,6877120,196239.022,392478.044,99.982,100.012,199.738,5094.909,5096.442,0,10,0,2,0,212992,212992,212992,212992,-1,-1,0,0,0,0,0,0,0,7000776046197708931,PASS
14,1,0,0,udp-connected-peerless-recvmsg-spin,udp,spin,1,1,1,recvmsg-no-peer,0,0,0,0,0,256,1,1,200000,200000,20000,100,4216,5148,5698,5918,7441,73459,2454182,176351.317,352702.635,99.992,100.019,199.695,5670.048,5671.558,0,6,0,4,0,212992,212992,212992,212992,-1,-1,0,0,0,0,0,0,0,4882934609799045763,PASS
14,2,0,0,udp-connected-spin,udp,spin,1,1,1,recvmsg,0,0,0,0,0,1400,1,1,200000,200000,20000,100,2124,5138,6059,6269,6921,62092,2582342,199640.899,399281.797,99.992,100.051,200.043,5008.606,5011.552,0,5,0,4,0,212992,212992,212992,212992,-1,-1,0,0,0,0,0,0,0,14726674456459736963,PASS
14,3,0,0,udp-connected-spin,udp,spin,1,1,1,recvmsg,0,0,0,0,0,256,1,1,200000,200000,20000,100,2113,5137,5719,5949,7662,105697,6117648,182352.509,364705.019,99.988,100.011,199.793,5483.232,5484.490,0,12,0,1,0,212992,212992,212992,212992,-1,-1,0,0,0,0,0,0,0,4882934609799045763,PASS
14,4,0,0,udp-connected-peerless-recvmsg-spin,udp,spin,1,1,1,recvmsg-no-peer,0,0,0,0,0,1400,1,1,200000,200000,20000,100,2063,2894,3205,3315,3775,23255,1630018,281613.082,563226.164,99.992,100.016,200.008,3550.697,3551.551,0,5,0,1,0,212992,212992,212992,212992,-1,-1,0,0,0,0,0,0,0,14726674456459736963,PASS
14,5,0,0,udp-connected-peerless-recvmsg-spin,udp,spin,1,1,1,recvmsg-no-peer,0,0,0,0,0,64,1,1,200000,200000,20000,100,1823,2243,2444,2574,2814,22813,922218,410995.741,821991.481,99.993,100.025,199.873,2432.944,2433.724,0,4,0,0,0,212992,212992,212992,212992,-1,-1,0,0,0,0,0,0,0,5285413010679193219,PASS
14,6,0,0,udp-connected-spin,udp,spin,1,1,1,recvmsg,0,0,0,0,0,8,1,1,200000,200000,20000,100,2013,2364,2514,2624,2854,24557,2448653,399203.741,798407.482,99.985,100.020,199.967,2504.611,2505.489,0,5,0,1,0,212992,212992,212992,212992,-1,-1,0,0,0,0,0,0,0,7000776046197708931,PASS
14,7,0,0,udp-connected-spin,udp,spin,1,1,1,recvmsg,0,0,0,0,0,64,1,1,200000,200000,20000,100,1882,2344,2714,2874,3395,45828,1303705,379022.275,758044.549,99.997,100.021,199.448,2638.285,2638.928,0,2,0,0,0,212992,212992,212992,212992,-1,-1,0,0,0,0,0,0,0,5285413010679193219,PASS
14,8,0,0,udp-connected-peerless-recvmsg-spin,udp,spin,1,1,1,recvmsg-no-peer,0,0,0,0,0,8,1,1,200000,200000,20000,100,1842,2193,2424,2534,2754,20471,298153,425139.348,850278.697,99.994,100.021,200.001,2352.026,2352.660,0,3,0,1,0,212992,212992,212992,212992,-1,-1,0,0,0,0,0,0,0,7000776046197708931,PASS
15,1,0,0,udp-connected-spin,udp,spin,1,1,1,recvmsg,0,0,0,0,0,1400,1,1,200000,200000,20000,100,2103,2473,2624,2804,3044,24717,1002337,329371.537,658743.074,99.987,100.011,199.805,3035.676,3036.423,0,5,0,5,0,212992,212992,212992,212992,-1,-1,0,0,0,0,0,0,0,14726674456459736963,PASS
15,2,0,0,udp-connected-peerless-recvmsg-spin,udp,spin,1,1,1,recvmsg-no-peer,0,0,0,0,0,1400,1,1,200000,200000,20000,100,1923,4868,5959,6139,6640,42713,28206516,203194.065,406388.130,99.963,100.010,199.864,4919.586,4921.886,0,9,0,2,0,212992,212992,212992,212992,-1,-1,0,0,0,0,0,0,0,14726674456459736963,PASS
15,3,0,0,udp-connected-peerless-recvmsg-spin,udp,spin,1,1,1,recvmsg-no-peer,0,0,0,0,0,256,1,1,200000,200000,20000,100,1903,4877,5548,5748,6400,54551,6974299,219327.444,438654.888,99.994,100.010,199.867,4559.140,4559.867,0,5,0,2,0,212992,212992,212992,212992,-1,-1,0,0,0,0,0,0,0,4882934609799045763,PASS
15,4,0,0,udp-connected-spin,udp,spin,1,1,1,recvmsg,0,0,0,0,0,8,1,1,200000,200000,20000,100,1953,2303,2514,2714,2974,22804,550787,404639.244,809278.488,100.000,100.021,199.576,2471.330,2471.868,0,1,0,1,0,212992,212992,212992,212992,-1,-1,0,0,0,0,0,0,0,7000776046197708931,PASS
15,5,0,0,udp-connected-spin,udp,spin,1,1,1,recvmsg,0,0,0,0,0,256,1,1,200000,200000,20000,100,2053,2443,2534,2754,3235,41562,925853,367564.828,735129.657,99.988,100.015,199.762,2720.270,2721.019,0,6,0,4,0,212992,212992,212992,212992,-1,-1,0,0,0,0,0,0,0,4882934609799045763,PASS
15,6,0,0,udp-connected-peerless-recvmsg-spin,udp,spin,1,1,1,recvmsg-no-peer,0,0,0,0,0,8,1,1,200000,200000,20000,100,1903,2194,2414,2484,3044,24106,813998,417184.910,834369.821,99.999,100.017,199.648,2396.983,2397.436,0,1,0,2,0,212992,212992,212992,212992,-1,-1,0,0,0,0,0,0,0,7000776046197708931,PASS
15,7,0,0,udp-connected-peerless-recvmsg-spin,udp,spin,1,1,1,recvmsg-no-peer,0,0,0,0,0,64,1,1,200000,200000,20000,100,1853,2193,2434,2674,2924,33570,1066732,408647.807,817295.613,99.991,100.022,199.911,2446.866,2447.643,0,5,0,1,0,212992,212992,212992,212992,-1,-1,0,0,0,0,0,0,0,5285413010679193219,PASS
15,8,0,0,udp-connected-spin,udp,spin,1,1,1,recvmsg,0,0,0,0,0,64,1,1,200000,200000,20000,100,2053,5098,5598,5789,6740,65917,1867777,188219.800,376439.601,99.988,100.008,199.772,5312.275,5313.336,0,15,0,8,0,212992,212992,212992,212992,-1,-1,0,0,0,0,0,0,0,5285413010679193219,PASS
16,1,0,0,udp-connected-peerless-recvmsg-spin,udp,spin,1,1,1,recvmsg-no-peer,0,0,0,0,0,1400,1,1,200000,200000,20000,100,1983,2443,2603,2805,3175,47962,13039194,316573.055,633146.109,99.988,100.018,200.006,3158.461,3159.398,0,8,0,2,0,212992,212992,212992,212992,-1,-1,0,0,0,0,0,0,0,14726674456459736963,PASS
16,2,0,0,udp-connected-spin,udp,spin,1,1,1,recvmsg,0,0,0,0,0,8,1,1,200000,200000,20000,100,1893,4506,5428,5618,6429,83033,9326199,234547.287,469094.574,99.993,100.007,199.775,4263.217,4263.811,0,8,0,5,0,212992,212992,212992,212992,-1,-1,0,0,0,0,0,0,0,7000776046197708931,PASS
16,3,0,0,udp-connected-spin,udp,spin,1,1,1,recvmsg,0,0,0,0,0,1400,1,1,200000,200000,20000,100,2093,2534,5959,6180,6840,63574,5026529,218825.030,437650.059,99.994,100.011,199.634,4569.590,4570.382,0,5,0,2,0,212992,212992,212992,212992,-1,-1,0,0,0,0,0,0,0,14726674456459736963,PASS
16,4,0,0,udp-connected-peerless-recvmsg-spin,udp,spin,1,1,1,recvmsg-no-peer,0,0,0,0,0,8,1,1,200000,200000,20000,100,1873,2273,2835,2945,4687,82042,2777232,353985.900,707971.799,99.997,100.020,199.560,2824.895,2825.526,0,2,0,2,0,212992,212992,212992,212992,-1,-1,0,0,0,0,0,0,0,7000776046197708931,PASS
16,5,0,0,udp-connected-peerless-recvmsg-spin,udp,spin,1,1,1,recvmsg-no-peer,0,0,0,0,0,256,1,1,200000,200000,20000,100,1873,2364,2764,2914,3455,52147,4117831,366196.430,732392.860,99.999,100.021,199.836,2730.757,2731.353,0,1,0,1,0,212992,212992,212992,212992,-1,-1,0,0,0,0,0,0,0,4882934609799045763,PASS
16,6,0,0,udp-connected-spin,udp,spin,1,1,1,recvmsg,0,0,0,0,0,64,1,1,200000,200000,20000,100,2023,2404,2905,3014,3536,42633,19387630,341270.050,682540.099,99.992,100.016,199.821,2929.989,2930.691,0,4,0,2,0,212992,212992,212992,212992,-1,-1,0,0,0,0,0,0,0,5285413010679193219,PASS
16,7,0,0,udp-connected-spin,udp,spin,1,1,1,recvmsg,0,0,0,0,0,256,1,1,200000,200000,20000,100,1963,2444,2864,3014,3655,71707,16120811,296283.001,592566.003,99.993,100.018,200.010,3374.903,3375.758,0,4,0,0,0,212992,212992,212992,212992,-1,-1,0,0,0,0,0,0,0,4882934609799045763,PASS
16,8,0,0,udp-connected-peerless-recvmsg-spin,udp,spin,1,1,1,recvmsg-no-peer,0,0,0,0,0,64,1,1,200000,200000,20000,100,1933,2223,2754,2874,3485,66558,12817240,326490.519,652981.037,99.995,100.020,199.394,3062.716,3063.474,0,3,0,0,0,212992,212992,212992,212992,-1,-1,0,0,0,0,0,0,0,5285413010679193219,PASS
